probabilidad_fraude,prediccion_fraude
6.280037817624789e-13,0
6.40756418320701e-19,0
4.337737958107565e-09,0
2.199449686972808e-06,0
0.3277364909106887,0
1.6745965002273254e-17,0
3.444764566125784e-21,0
7.693521812710504e-18,0
2.1187125948458692e-20,0
6.606201072794922e-10,0
4.451575637845806e-21,0
3.2854571861006335e-07,0
7.608774638685057e-16,0
1.8752040197244224e-05,0
1.839658586946439e-05,0
0.00015437558377571025,0
6.104069659754439e-08,0
2.7346756131380933e-22,0
1.4773670284393818e-15,0
8.860253264119882e-24,0
9.477206686514462e-16,0
2.610475672954263e-17,0
8.473490047661344e-08,0
6.701034050009408e-23,0
3.591656351601743e-14,0
6.038904289162152e-14,0
1.3496042110053403e-16,0
0.0034299750388947403,0
4.619693405352478e-13,0
6.173592718409064e-16,0
2.8603595594407014e-15,0
4.075007657883062e-14,0
1.7173038012407212e-12,0
1.979196301006853e-18,0
4.498477226895973e-12,0
6.696648176817634e-12,0
1.006270320591485e-12,0
7.791096338342521e-06,0
1.1619933880372553e-12,0
3.1298699594726273e-15,0
9.808011741394726e-19,0
1.0461089294827644e-13,0
6.843795326643388e-08,0
0.0037657909060934717,0
0.0004169053777521898,0
1.9110661494774346e-20,0
5.79437036244574e-16,0
1.3059232955155288e-20,0
1.1682908273368916e-11,0
3.351349553581929e-16,0
2.482564847816287e-19,0
2.1410918320312942e-16,0
1.379425411056328e-15,0
6.293995724882941e-16,0
6.27908807453446e-20,0
8.615063628502232e-19,0
3.1001703880249632e-15,0
8.363965675739648e-21,0
9.816242988833962e-16,0
4.3923867797616174e-15,0
2.3561366210090766e-20,0
3.53742025698708e-13,0
5.017966180158509e-11,0
7.525801200294851e-14,0
4.931410397172334e-17,0
1.3835707465866237e-13,0
2.1885447318424753e-20,0
1.0457185789961984e-21,0
2.8575833031770136e-12,0
1.084587149045408e-15,0
1.0318094093409015e-20,0
9.48398738671039e-23,0
1.1728452272498503e-23,0
7.468780488702834e-09,0
4.054392576556673e-13,0
5.309277296104809e-20,0
5.320850743251385e-09,0
1.633719084977405e-07,0
1.6657831639424325e-13,0
2.945621394416547e-18,0
3.1560668908448795e-21,0
2.20550388107819e-07,0
5.006874961344287e-18,0
1.163438547182411e-20,0
4.2952628460080573e-11,0
8.126782731292541e-09,0
3.195262913788246e-17,0
0.9983950581243747,1
1.634273670805147e-20,0
2.0341797193900774e-19,0
1.5513931559439914e-20,0
6.138155888917471e-20,0
2.2848924168531004e-16,0
1.3914234856341483e-14,0
1.8379441169667915e-24,0
5.302330980010829e-17,0
1.711894554540738e-11,0
2.5875146684627157e-19,0
7.284481177717355e-10,0
1.8165211624607528e-18,0
4.690392042990529e-21,0
3.6456163567483495e-08,0
2.501055526629828e-15,0
7.492961466919485e-13,0
8.774712148214626e-17,0
1.5254731091205083e-16,0
1.4297696691522738e-19,0
4.61915986000166e-15,0
7.693841771250282e-18,0
4.44039140297768e-19,0
5.571844007230245e-16,0
3.525042839257959e-18,0
6.662440047984401e-23,0
2.0192337956550605e-21,0
1.3966999790197534e-15,0
2.7442982045813304e-05,0
7.413348196645002e-05,0
9.277383710611052e-13,0
1.1301179894793452e-06,0
2.1014965767381725e-16,0
1.2704570867872835e-18,0
5.7518059680909586e-12,0
3.3732694961222096e-15,0
6.245158544393942e-18,0
7.664591297327461e-19,0
5.257367837713719e-18,0
2.140691876267266e-21,0
1.0234720335367279e-16,0
2.5570858819508933e-14,0
1.193822184154317e-18,0
5.191921813327083e-24,0
1.8030910140363898e-25,0
3.6202765952761833e-09,0
1.1269113015253568e-09,0
4.28485516036336e-21,0
7.705453893802761e-10,0
3.1984849933634617e-15,0
8.890124257179826e-18,0
7.883811322728367e-10,0
1.778742548265437e-22,0
3.303534856410627e-20,0
2.4367689958782524e-11,0
6.51074192583264e-11,0
2.0364900161103374e-10,0
5.053250762744896e-21,0
3.411485244139382e-17,0
8.853112557687903e-17,0
1.848508104896273e-05,0
1.46995616408881e-21,0
9.178452340492802e-16,0
1.5867973518470703e-14,0
1.2179998272212593e-08,0
3.762622435733634e-12,0
1.9527147163060692e-10,0
2.9620728904303134e-17,0
9.64722559048429e-15,0
2.120675009538154e-19,0
7.452763344587589e-28,0
2.9470015836381425e-11,0
1.930596939279489e-15,0
1.1362872073327523e-14,0
1.7139749105045994e-17,0
0.0030883868399299882,0
6.865020362221999e-19,0
1.9702904054861184e-06,0
2.6524742029334157e-19,0
3.220383403100895e-24,0
1.7596406141501303e-09,0
2.6812859080691187e-15,0
9.134361708879081e-22,0
2.2461983147133095e-08,0
7.682559121731458e-22,0
0.00045631719213044955,0
9.713159841516832e-25,0
1.0065414484035504e-12,0
1.9018307312416378e-10,0
3.401320949544642e-11,0
2.419941624441414e-09,0
6.013913525011254e-14,0
1.60411845232719e-23,0
7.45709855175116e-23,0
1.7454321339969343e-17,0
0.0015295152098415083,0
4.084062080988443e-05,0
3.3454148409919057e-12,0
1.8362486810576938e-20,0
2.1539362064266073e-20,0
2.890916585796087e-20,0
5.124415712586546e-12,0
8.94579614913552e-22,0
5.859053089846218e-17,0
2.8078298718703112e-14,0
2.1014625583815526e-12,0
3.0273571786844026e-25,0
5.626804833840018e-08,0
0.0029125892315227182,0
4.5966755776231307e-17,0
3.1866926806440077e-23,0
1.0473124150687895e-17,0
2.2108324452396225e-13,0
9.393771493632951e-24,0
4.9165682835483875e-23,0
6.118416679764828e-18,0
0.014651539826213297,0
0.00028127167749629104,0
5.419877906404112e-10,0
4.118297447159477e-17,0
9.505422462686708e-13,0
1.0793178537255629e-16,0
4.405630892543397e-23,0
1.6665930292931897e-13,0
1.967146927260904e-14,0
2.6073098048998573e-12,0
4.85470188169108e-17,0
3.0379183282219392e-21,0
6.313921823998048e-13,0
4.761908240784394e-05,0
1.7645599697789587e-23,0
1.2250974005792018e-26,0
1.0111766201833834e-17,0
1.8393075618787102e-16,0
5.895977211903131e-16,0
4.591533663258245e-18,0
2.208768081584132e-15,0
4.404418786127898e-17,0
9.137326347449022e-19,0
3.4351952135654085e-21,0
4.365102455833416e-20,0
1.5104061255972586e-07,0
6.836112998455473e-25,0
9.915292795606702e-19,0
1.5510110318314458e-15,0
2.9753230053927134e-18,0
1.2682307463951186e-13,0
3.902698507269093e-16,0
9.69422204758069e-13,0
8.178088242926759e-16,0
8.231422285515203e-14,0
2.3414902726473015e-13,0
2.692873881892521e-11,0
4.6824525430137603e-20,0
3.9529234606213736e-27,0
8.632433601763061e-09,0
3.929870486155938e-17,0
1.1963263558755417e-15,0
1.60453909990482e-15,0
5.107846027637192e-10,0
1.7054837934998087e-20,0
1.6330321729946735e-14,0
1.514941189754028e-05,0
4.314502722211965e-19,0
9.881986529700456e-19,0
1.7125946907012647e-10,0
2.891963697453901e-11,0
6.261423957064616e-15,0
9.162713364816286e-15,0
4.184117486698963e-14,0
8.697950708182308e-18,0
9.549918279173661e-17,0
1.4361091137394664e-21,0
8.981734559712732e-10,0
1.0614199674792216e-11,0
1.1928541542916969e-08,0
2.069753668548997e-09,0
2.286014669198334e-18,0
1.3114410022337842e-15,0
3.649141618195402e-17,0
2.489407816454463e-16,0
5.713232103865472e-18,0
2.92191941831616e-20,0
9.603552634135404e-24,0
6.478181779663064e-16,0
8.744069647962836e-27,0
3.2989045971193925e-21,0
3.0404961268078712e-25,0
7.214527759450228e-11,0
7.483458529088854e-13,0
3.783939467935516e-11,0
2.7918248326610713e-11,0
2.5681148336751403e-19,0
5.773808796348777e-21,0
3.039359219463424e-17,0
8.381578625142677e-22,0
2.898571338415985e-19,0
2.5556192615765873e-18,0
2.4142972938237457e-12,0
1.8038213341246467e-25,0
3.742826769992415e-06,0
3.1278691746505183e-15,0
8.023358293535606e-10,0
2.534816115759109e-17,0
1.1868024832991146e-11,0
1.0418646721298775e-18,0
5.134784225077177e-19,0
8.764798198851824e-08,0
1.931734498530644e-13,0
1.2795440948200166e-18,0
2.073515097712448e-18,0
9.082936002480394e-15,0
1.3116878946397628e-08,0
5.7557679309131135e-21,0
2.444252697882509e-11,0
3.4262389004681523e-15,0
3.5150361723017033e-17,0
1.4248509235370124e-23,0
2.2725041981228483e-11,0
9.58463697099472e-22,0
5.436852037621819e-16,0
1.9715974487663633e-19,0
3.3745292631791117e-16,0
1.28801029165499e-16,0
3.294405878305813e-24,0
1.1799441744516906e-19,0
5.114332095599405e-16,0
4.187988420275454e-21,0
5.550793918838292e-06,0
1.338350049607759e-20,0
6.1891994884988306e-15,0
5.756265198926005e-20,0
1.5176869724855178e-16,0
7.547513752061223e-23,0
8.00568300642953e-13,0
1.1175698247310103e-07,0
1.0636938431403506e-05,0
2.8352392633115016e-14,0
1.6641479381260697e-21,0
2.5598057369327765e-19,0
8.353656060550093e-19,0
5.158077628371654e-17,0
3.399957400219721e-11,0
7.074285071933319e-14,0
6.37947729256092e-13,0
1.9454613188935986e-16,0
4.819625143050396e-15,0
2.222100054854165e-16,0
2.896566781498576e-20,0
6.005396890653593e-13,0
4.119666057922795e-16,0
1.1744883377882032e-22,0
4.580342529461951e-19,0
9.403514215395586e-10,0
1.4117653216646425e-13,0
6.423086367718209e-09,0
0.005956212862696697,0
1.3926839578364338e-13,0
1.702293484084338e-18,0
2.659276784133391e-19,0
6.738517735000091e-11,0
8.62339473851674e-17,0
4.8233969204020624e-08,0
3.3127291365221745e-21,0
3.842565510613705e-13,0
1.470688404240202e-16,0
1.3854614498129317e-18,0
4.382873393213274e-10,0
4.633818749508054e-18,0
8.111452435190824e-11,0
1.1488224263921592e-19,0
0.19792083387023165,0
8.291829188906061e-11,0
9.77738601209434e-18,0
1.8838585156017919e-19,0
1.5160619150251458e-13,0
1.1723456963910952e-21,0
1.9950497367398917e-23,0
1.9945260413065605e-07,0
1.0275533150492442e-19,0
4.5467959671023977e-14,0
4.4694084037956136e-13,0
6.100797698547667e-14,0
4.497238127119129e-13,0
4.3683221497494527e-16,0
2.0304822873666722e-10,0
1.0262635198055313e-21,0
6.006700693907313e-19,0
5.463442650558751e-15,0
1.8532701942274285e-25,0
5.1969842308961155e-14,0
7.212075258433542e-15,0
1.1631614515569411e-16,0
2.8102798746909944e-22,0
3.5158299362394517e-15,0
5.912877560906537e-19,0
1.933018127830419e-21,0
1.0334017725171604e-17,0
3.750028501516831e-13,0
2.419844115938867e-19,0
5.7162600600374805e-06,0
4.216125990114239e-15,0
6.537801962279044e-17,0
1.8849523003704285e-10,0
2.893478819141851e-13,0
0.926071368652752,1
2.4315549066920197e-19,0
2.081730972030757e-15,0
2.550037666565029e-11,0
3.009529870573938e-16,0
1.892606508538916e-15,0
5.381325704445852e-28,0
1.1023139313050938e-17,0
5.501862217826724e-23,0
4.216895119351946e-28,0
4.8703630255314475e-24,0
1.625945006773889e-25,0
1.6000054082767472e-18,0
1.4732946415201339e-24,0
2.432000644434035e-09,0
4.419392714655959e-24,0
1.7373515486037746e-15,0
1.616895606476458e-20,0
4.046366698114769e-17,0
1.652585169687636e-16,0
7.580984072535353e-16,0
9.819557004339225e-21,0
7.310865667877451e-15,0
2.054889070510745e-15,0
5.156210039246153e-12,0
2.1108356406942144e-15,0
0.09722953366057314,0
2.3971782644159086e-22,0
9.850874958371204e-13,0
3.679938387821068e-11,0
9.377114414755096e-17,0
4.9119720207641994e-20,0
2.3563077965697468e-08,0
1.2532740540923221e-14,0
9.612894136828326e-15,0
1.2786705645330727e-15,0
6.139952096504787e-11,0
5.3232354690828286e-14,0
1.3727466057358104e-18,0
5.996479656288866e-19,0
3.568104601052079e-20,0
1.135805854406415e-17,0
3.172020372318061e-12,0
6.07256013481001e-11,0
1.645379583330491e-15,0
4.54253122055304e-18,0
4.530754387461212e-12,0
1.1654657728901003e-22,0
1.4166414087837192e-13,0
7.270562166081286e-10,0
1.525889624314181e-19,0
1.2437454773155613e-15,0
1.5130001587472184e-15,0
2.915173128237106e-11,0
8.244563264127132e-18,0
1.7127388960481211e-09,0
1.0676494096655056e-13,0
1.815058830962146e-11,0
1.9831630313595938e-27,0
1.278185540476376e-12,0
8.989228504011734e-24,0
2.0967783106860395e-14,0
1.6144745046359007e-22,0
8.421113587037771e-14,0
2.739337426082099e-26,0
6.758519767500105e-09,0
1.8753979005000238e-19,0
2.3622267300929262e-12,0
7.868347557668704e-20,0
4.260588377202043e-11,0
1.894035047987335e-18,0
4.7049783083862875e-22,0
1.3417628607386937e-14,0
1.7561690676848928e-14,0
0.052913335607269116,0
6.166294942058792e-21,0
4.104725091514525e-20,0
1.7405748848547405e-10,0
4.796337179173774e-11,0
1.5576035936905556e-24,0
5.243420153312635e-06,0
3.1634942818292944e-17,0
1.651567913692908e-18,0
2.5750021923416895e-09,0
2.8783766958192694e-13,0
6.030831473424752e-17,0
4.4011118481686765e-23,0
2.5332932416664045e-18,0
1.577478395391099e-13,0
5.984005632515372e-21,0
9.05034467298417e-11,0
1.419326809151372e-16,0
2.4972126124793856e-10,0
9.235128489681081e-23,0
4.1288915908701486e-12,0
1.8288488694950985e-11,0
3.5165684295695707e-23,0
2.9015422716749007e-25,0
6.710593296957643e-22,0
8.789094885415992e-18,0
1.8052711127383479e-22,0
7.19375661983793e-19,0
1.3070537731759967e-15,0
7.557418778398427e-17,0
7.707689880964985e-12,0
2.3734670571603814e-17,0
1.0505715828361791e-22,0
6.294957600718945e-18,0
3.1891726902935553e-18,0
5.663854047209472e-16,0
1.7497434706426146e-24,0
1.3344765797134153e-19,0
1.057937746565626e-06,0
1.2776350659166914e-15,0
1.4882631995579306e-13,0
1.9204602391181353e-10,0
0.004937611891670471,0
4.903306486887492e-06,0
1.2602839160618088e-25,0
1.8155332375328244e-06,0
1.616260146152902e-16,0
1.6791970408709933e-18,0
4.702351689623125e-10,0
7.797248881259443e-10,0
2.1787600892553136e-15,0
3.093569437989804e-07,0
4.416905265852599e-13,0
4.5261593234163684e-27,0
1.3779011479034225e-10,0
3.116654483025563e-16,0
6.771235757097638e-12,0
5.454804596056979e-14,0
3.233821940977099e-13,0
3.1439186198821725e-19,0
1.0209643502880937e-17,0
9.88950401048211e-20,0
3.697419161637255e-16,0
2.3446381915134183e-16,0
2.4958891978426772e-20,0
2.206055045843023e-11,0
3.270590793960095e-10,0
1.0865865679044287e-12,0
6.309157802885134e-11,0
2.3713155794160418e-08,0
1.6375521713666015e-20,0
3.083875889363295e-16,0
8.542713713107455e-17,0
1.7538770514065122e-14,0
3.021004349894845e-19,0
3.015099933921489e-09,0
5.087727569303349e-24,0
3.195247757016931e-13,0
9.591286864412192e-23,0
3.5061186133976544e-22,0
0.9999961744062613,1
1.247123032608442e-17,0
1.5438442173321024e-13,0
3.087573505513418e-12,0
6.751099608744294e-08,0
1.66628881153124e-07,0
1.6516797771618103e-23,0
3.818768251069111e-10,0
1.070776516008429e-18,0
3.5177608532306663e-09,0
6.947987737259823e-16,0
1.8592251691002048e-17,0
2.796740980003686e-22,0
1.5155685795680076e-18,0
1.482459654640798e-19,0
5.103322075755744e-16,0
3.8136490423155834e-19,0
4.534014162714355e-18,0
3.560807194150366e-10,0
1.8869222123496957e-25,0
8.3876380544374e-15,0
2.6067659250008277e-18,0
0.004111758618024888,0
1.7668042089265525e-16,0
5.444081132380945e-21,0
4.925088207161185e-17,0
1.1075197877264081e-17,0
2.441566900761147e-15,0
7.178796566172488e-07,0
2.186489166731075e-08,0
1.5119497968245313e-16,0
2.4349325567751685e-07,0
6.692182196723159e-16,0
1.7670040184945688e-18,0
1.0252560633704519e-12,0
1.7211212365677247e-26,0
0.00021121509355271896,0
5.172025102899884e-21,0
6.507320236041612e-20,0
2.982972682052864e-20,0
7.365844158492367e-17,0
1.9234027324130063e-14,0
1.9792479218237097e-23,0
7.790523926077642e-11,0
3.919090126796e-18,0
1.072756593916811e-06,0
2.945469889100538e-22,0
2.923829343592065e-17,0
8.651777281876213e-07,0
1.6804153141933846e-17,0
2.9664473257096926e-13,0
3.0861842292894736e-26,0
1.7166748101615893e-09,0
0.00026387185469264196,0
2.8449501460932087e-25,0
7.532820809032636e-08,0
0.01795358387383449,0
7.960652830102349e-20,0
5.262482736299694e-10,0
5.787215995718203e-20,0
1.38158742784049e-10,0
1.2137787089071161e-21,0
1.914847748338289e-20,0
1.9569542060172615e-14,0
8.836799169899456e-19,0
7.826480433494312e-17,0
1.3979859287673945e-20,0
2.3659827731831815e-13,0
2.1514384525102875e-10,0
3.2250682097402856e-23,0
4.251848841621401e-22,0
2.5127753428887136e-18,0
4.811110473145163e-22,0
3.944819719648477e-25,0
1.2967068392368903e-21,0
6.626556963089835e-13,0
4.717413320748675e-18,0
3.257876050924205e-15,0
2.663969875595584e-06,0
8.18450336192963e-21,0
2.904725060503418e-26,0
4.165004314832272e-20,0
5.773950051738475e-25,0
6.316692987302831e-22,0
3.682132178010853e-16,0
7.656355714648833e-12,0
1.1340822830332226e-16,0
6.183028745587134e-22,0
5.2787494991059897e-20,0
1.6737463663099036e-14,0
1.143556888928402e-13,0
5.746542997861803e-12,0
3.491744435129481e-23,0
2.0078183032964277e-09,0
4.629240765395106e-10,0
1.7326676768586082e-22,0
2.6313442394324757e-21,0
3.371699094855227e-18,0
1.688278229052775e-19,0
3.338197053951119e-17,0
3.595438353668862e-27,0
9.686263666426846e-21,0
1.414588211737856e-19,0
7.861421810098067e-13,0
6.883001886543491e-16,0
1.6325604474612673e-11,0
1.596638989436387e-17,0
2.1121089845257513e-09,0
1.13862126258239e-20,0
2.6604675168581086e-10,0
1.0996633005385373e-09,0
7.91831557316757e-21,0
4.97529024971668e-25,0
7.10645275577914e-17,0
1.6090759919406796e-07,0
3.299764028043688e-17,0
4.601544850204426e-14,0
2.5405616189668684e-13,0
2.90136458068342e-10,0
1.1940592020680092e-25,0
3.0182481952025636e-20,0
4.426644809897286e-21,0
0.0004964212634998309,0
1.7721466871423492e-15,0
1.8829532430241613e-20,0
1.2191844607378518e-14,0
5.857392864927586e-19,0
2.0557511594461292e-07,0
7.633836100407818e-18,0
8.596998908288145e-08,0
8.151894047407429e-13,0
1.0303434571970715e-09,0
3.357838647147771e-08,0
8.012954430700277e-18,0
2.047866592860549e-10,0
2.8472455066408205e-08,0
8.244412369307501e-19,0
3.733513452034167e-23,0
8.56006823529711e-17,0
8.299562918474339e-09,0
1.3366442852781902e-15,0
1.3331198514324648e-22,0
6.174830043903177e-16,0
1.843352303138983e-12,0
1.90915140951858e-10,0
4.343823998008079e-25,0
2.2080985959255214e-08,0
5.194388405655249e-21,0
1.3384948503680769e-12,0
1.0272046961513184e-11,0
4.5517722725768054e-17,0
6.4218033892885e-23,0
7.578827506490059e-11,0
2.8269185650912343e-16,0
2.0208208582894918e-13,0
1.149592775441454e-18,0
1.7568779841098198e-15,0
3.245591464409905e-19,0
5.423167678516163e-05,0
4.3742831121632415e-18,0
3.159611734197654e-23,0
5.2470481668706094e-24,0
2.125540753033828e-22,0
2.1643726984168752e-20,0
5.370776502279652e-15,0
2.9647655984620466e-20,0
3.431230626396128e-22,0
5.3228005371102305e-14,0
2.0835883116082786e-17,0
2.1670828401974724e-12,0
2.843365264442573e-19,0
5.717134159433708e-17,0
1.893210152264268e-18,0
1.8130089100521775e-14,0
2.1572622340356345e-13,0
1.2170707027852956e-08,0
2.0942659547356533e-18,0
2.8685384939865666e-09,0
9.230682671592589e-23,0
2.442169107828565e-19,0
5.519866349448504e-16,0
5.480643739217496e-12,0
2.315903975728482e-11,0
5.5471154274128294e-05,0
1.6585160447508318e-12,0
3.565153552101331e-20,0
1.6317202158993144e-18,0
8.699324828649123e-13,0
7.928344593184321e-20,0
5.5844846993607e-20,0
2.820230238237068e-16,0
8.890532020143166e-12,0
1.4065772604221026e-12,0
2.0982930134250025e-16,0
8.028267146418645e-09,0
5.830435989231143e-10,0
5.157688812573491e-11,0
5.742549722626279e-17,0
2.0065345863100073e-22,0
3.704864698757655e-14,0
3.1817210498742885e-18,0
1.8864289995735402e-07,0
4.012962805762057e-18,0
2.6035692111429416e-19,0
3.593315194636134e-22,0
3.264089533288256e-17,0
8.457161012217314e-22,0
7.798100524708874e-22,0
2.4430251678153253e-17,0
4.376142572852157e-21,0
2.6959652635419574e-21,0
1.2544179467696985e-18,0
2.4090641638472325e-08,0
1.6899655642684675e-18,0
2.957179263094708e-14,0
7.646790693171515e-14,0
1.5748783354789563e-21,0
1.7090479977694492e-13,0
2.0022930601089408e-15,0
2.4759128007632663e-10,0
1.006072700787411e-20,0
6.5594230715211345e-12,0
8.946476240383838e-17,0
1.0545184341553162e-13,0
2.1185463574832157e-22,0
7.535722465434938e-21,0
2.5957995744268134e-16,0
4.831138455036335e-25,0
2.4688758627389598e-17,0
1.9113190424239058e-09,0
2.610209227441584e-08,0
1.680097654354086e-18,0
4.891915437872381e-22,0
2.563085469347339e-21,0
4.144518520188969e-14,0
0.00026688085198010283,0
5.740587346394481e-17,0
2.281162893204111e-11,0
7.861079849084456e-13,0
2.2786101644625095e-21,0
2.5308269080585343e-15,0
6.928622481706271e-11,0
4.571845457928446e-17,0
1.188066595234461e-19,0
4.0682584651221853e-08,0
5.73341006170722e-11,0
1.0681757640586606e-08,0
1.1636740315063644e-20,0
1.2307325606355503e-07,0
5.4814392411857646e-21,0
5.363033115226216e-23,0
5.112711699949418e-20,0
3.30904493016746e-18,0
6.366561539284269e-15,0
2.0936605212642837e-20,0
1.7085509801665382e-17,0
1.4137662624752162e-24,0
1.3291311518858472e-25,0
7.900210123495495e-21,0
1.6787754179861663e-14,0
1.8724287798440572e-11,0
3.9936571722254626e-19,0
2.6604474289618164e-13,0
1.3537382024308164e-19,0
1.662592178184539e-14,0
3.692396587187129e-11,0
7.345790105447923e-17,0
6.462190444511855e-11,0
2.389795175813581e-14,0
9.621002340934731e-07,0
1.0820102161334504e-19,0
1.178791386195048e-07,0
1.400784771018915e-14,0
1.0991870613649503e-10,0
1.0982126013037071e-15,0
1.1902716520162328e-15,0
1.417155276581281e-19,0
3.2648339929803937e-15,0
6.4790017491340875e-18,0
1.1686824579131356e-16,0
1.0387848948026564e-19,0
5.983370730314038e-09,0
3.956444330484998e-19,0
6.569765593280435e-23,0
6.347944516100031e-26,0
5.5608201913641656e-18,0
1.8108110465411896e-11,0
7.268578741657326e-16,0
1.4995500759970132e-13,0
2.5721972218149552e-24,0
1.7337308221511913e-20,0
1.1838987648577825e-12,0
1.3412575909836025e-19,0
1.3242689431853943e-22,0
1.3194295345881852e-19,0
6.172261674895744e-21,0
4.7298042466048666e-17,0
7.482117945110125e-08,0
5.6309424183533314e-18,0
1.3622638875135814e-13,0
2.74579966325277e-20,0
2.4949996707643263e-15,0
6.431522489221144e-07,0
1.6634318727170446e-13,0
0.05602463233843927,0
8.723670949263444e-10,0
3.737993581178405e-14,0
8.516755178934844e-14,0
4.508394118002765e-11,0
6.923148255605623e-15,0
6.088266431642655e-17,0
8.526218476523969e-13,0
6.386339719821891e-16,0
2.90110689564263e-14,0
2.105206102074833e-15,0
5.269717552280498e-18,0
2.5485354640193875e-19,0
6.577878692496591e-07,0
7.69204589670891e-23,0
4.2114373928635905e-14,0
1.3613911603364794e-12,0
1.432185739438864e-12,0
3.589736482443694e-27,0
5.646554933801708e-18,0
4.1137445201444304e-18,0
5.39595278455045e-15,0
3.912189679320546e-17,0
7.426310575978691e-15,0
4.533002797591475e-05,0
6.418693447435327e-16,0
4.201214726444673e-15,0
1.64490545691129e-20,0
4.752430897559534e-13,0
8.173949776431406e-17,0
2.792880788554936e-17,0
1.29451855072882e-15,0
1.132005762591382e-23,0
2.0214097222095924e-12,0
1.8156043093799172e-15,0
8.038362878562263e-06,0
7.3641095043371e-06,0
3.10242467711949e-24,0
1.7830682542560495e-22,0
2.4054346119455474e-18,0
2.840930255383894e-14,0
2.5143401533489385e-19,0
4.1139297337759735e-24,0
4.952935446050644e-16,0
1.2209680440973738e-07,0
1.1373428000301495e-09,0
2.8023002689326983e-26,0
3.639332344160152e-10,0
1.1859802945382548e-09,0
9.103911887848031e-15,0
2.2218123058018667e-08,0
3.504830307746924e-12,0
5.445915967072497e-21,0
4.725346641047817e-15,0
5.407869884675598e-10,0
7.853976207240588e-07,0
4.6360518026352833e-20,0
2.3229924399603036e-15,0
1.293437572643425e-12,0
1.0351223777596244e-13,0
3.93598986374405e-22,0
0.9980086866358493,1
2.51283968253571e-15,0
7.87111334823325e-09,0
5.155516086458525e-12,0
5.3802626937538466e-15,0
1.1213105460403296e-21,0
1.193408260055597e-25,0
3.8678000031628936e-22,0
2.104324700799198e-06,0
2.1405611764307737e-08,0
7.854903354491787e-17,0
2.8105653998766612e-14,0
9.494219332072583e-18,0
4.97691248916158e-14,0
4.29235495111793e-14,0
2.4115168186888752e-20,0
8.988579806124043e-16,0
8.975601324069353e-15,0
6.393790437819387e-08,0
2.0809134542092817e-17,0
1.7029620816714528e-16,0
1.6067200911606075e-12,0
2.117567625503808e-18,0
3.815925282893487e-23,0
6.504679193882798e-11,0
4.8726849265125225e-15,0
2.2392633245227873e-12,0
2.6707873807632675e-10,0
2.6861565120561513e-10,0
9.684593099705227e-19,0
8.400809660363816e-20,0
4.405482415298667e-17,0
2.8910015449955417e-15,0
2.662307333600783e-13,0
5.097116968782941e-17,0
7.227344434270749e-15,0
4.369501782064531e-22,0
2.7255806194319484e-19,0
5.11108699059338e-21,0
5.774312230722381e-16,0
1.8421803596347178e-18,0
2.3161322624827456e-24,0
0.004266870287701644,0
1.381366593297005e-20,0
1.5931556855019154e-09,0
5.628530621018064e-12,0
1.42345063285832e-18,0
6.148411995349054e-17,0
1.3296447980312497e-15,0
2.536572997933693e-14,0
2.4190706831407783e-19,0
1.1352833332100585e-14,0
0.9930010015434858,1
1.0459958425279953e-16,0
2.0127504889078356e-15,0
5.108802101068152e-25,0
5.425686637925434e-22,0
8.120053991797772e-22,0
2.425073346894827e-12,0
1.8361533198097834e-20,0
5.034853763441134e-20,0
6.7661410302310725e-19,0
6.722093089163438e-18,0
8.579770445153936e-21,0
2.076654233490524e-15,0
1.8866640344952893e-12,0
1.7309570627132846e-27,0
3.455845284399094e-22,0
3.8752833863533425e-15,0
2.6017943662565632e-23,0
2.1493103942905413e-08,0
1.3005095035352782e-24,0
1.0922258135680252e-19,0
2.2551651213161617e-19,0
5.1890293901317437e-14,0
1.3805563374555293e-18,0
2.2305254334846679e-10,0
1.5981562257962753e-17,0
8.296361826478557e-13,0
1.7685648293911157e-11,0
6.582149470758936e-23,0
1.2528422398737978e-13,0
2.1536264819327968e-19,0
9.726903686250946e-19,0
9.081461126037127e-22,0
3.492637104549069e-05,0
2.046073480787139e-17,0
3.79592376866118e-07,0
6.31250622762648e-09,0
1.5837377957128473e-17,0
7.291496912820693e-14,0
5.813223878747687e-16,0
3.7985020132986844e-23,0
1.4614890760623593e-23,0
2.7977188715477313e-18,0
5.564259499112599e-13,0
5.572195570534196e-15,0
4.244854684953596e-09,0
9.837615805855859e-15,0
2.936846592900696e-07,0
8.121074652555361e-11,0
9.009958632143534e-26,0
4.558069303305785e-15,0
2.9985318547330135e-15,0
8.321010263768315e-20,0
4.322577752092308e-21,0
6.649000928893556e-18,0
6.076239554825336e-17,0
2.0634893521853532e-18,0
7.618287818977077e-21,0
1.6540882943798775e-25,0
1.7203764645364175e-13,0
3.309102099546874e-22,0
1.6957680928577874e-16,0
1.4315289126240735e-20,0
2.1744572014791805e-23,0
5.032741695377018e-21,0
9.680081624797315e-17,0
3.709755751497367e-20,0
4.190728510661882e-25,0
8.48843755096004e-13,0
7.129392068477984e-11,0
1.1349637332334882e-14,0
2.1788659291654808e-17,0
0.07745402506834131,0
5.781550422591762e-20,0
6.189493825582975e-07,0
1.2860518256937227e-19,0
1.1189308268406169e-14,0
1.415030506404165e-21,0
1.5154516434845537e-14,0
9.90864664014337e-10,0
1.6945718380771197e-18,0
4.4601067941616016e-21,0
9.672469641858723e-21,0
0.000899048525805801,0
1.12987282630634e-09,0
8.806155660864847e-14,0
1.2441422006589128e-21,0
2.044521493459222e-20,0
2.553426956413853e-14,0
9.8917246770272e-16,0
6.093074079427809e-11,0
5.10821534306976e-09,0
6.599772032530383e-12,0
3.233828620386539e-19,0
3.839708332144606e-24,0
1.1296588326213686e-13,0
5.25847384397618e-18,0
8.303095814230332e-21,0
1.5449412451593127e-22,0
7.103445569941879e-22,0
3.970470060783519e-16,0
8.183740901832098e-06,0
4.726430467539337e-11,0
6.861370857883938e-10,0
1.3587272035691353e-15,0
3.202315392584961e-21,0
2.0334283939797096e-18,0
1.4400512948895958e-19,0
7.182295417061379e-22,0
2.3452435842715234e-25,0
3.7176773088112836e-18,0
2.542001194084856e-11,0
9.522959496716118e-17,0
8.887499767910554e-19,0
0.0007460309554035168,0
1.2401015250044023e-20,0
7.204149114863255e-22,0
3.092773233389815e-18,0
1.6353283066741698e-19,0
5.676951232687234e-13,0
3.3324343064518147e-12,0
5.2022727050359495e-14,0
4.8315958762930304e-15,0
1.2274632531973805e-13,0
4.9973849279471896e-21,0
4.0947902985760527e-22,0
2.035219407554506e-17,0
4.8407330739488066e-18,0
5.106571118184332e-15,0
5.914770728222382e-17,0
6.01776504473493e-09,0
2.3317102746297928e-12,0
9.442873875703826e-07,0
7.291866411260628e-18,0
5.597578981569117e-22,0
7.79177981177629e-09,0
4.126891529841533e-14,0
1.6033878670386113e-12,0
2.976385498244178e-08,0
1.4661886490213119e-10,0
5.018104992577617e-12,0
6.126028814639122e-22,0
8.020912035269962e-14,0
1.9918091441920945e-18,0
1.8870153073630155e-23,0
1.752069034440804e-16,0
1.8421513840065056e-16,0
7.400099661402239e-07,0
2.0164684956113792e-25,0
1.244177171587652e-16,0
1.622507187775861e-17,0
1.977208218524801e-12,0
5.986951124126953e-14,0
2.283618252615102e-16,0
2.8399154296345497e-16,0
3.818070823267283e-15,0
3.232472635765573e-17,0
2.8072282708912873e-11,0
4.678479430235537e-20,0
1.477882412202801e-21,0
9.95714000801772e-16,0
1.6460053521334253e-20,0
8.810194887070183e-11,0
8.945140839362067e-19,0
1.9261688235548827e-14,0
4.004458324556307e-12,0
8.29849488712998e-14,0
1.0802341081294874e-20,0
1.2480810101020127e-16,0
7.028271419916305e-23,0
4.258467743382826e-23,0
9.37378805593395e-10,0
2.3327181942672924e-18,0
2.462756866827561e-13,0
5.563341245584451e-21,0
3.4621946636034013e-12,0
1.1530055384219838e-18,0
9.420880545451986e-19,0
5.246981160911699e-21,0
1.1650319615415354e-19,0
3.0631312674291174e-23,0
3.061095170507751e-16,0
1.0297969490498236e-16,0
9.579069302116618e-18,0
1.0019294998766232e-17,0
6.810373890695608e-13,0
6.103744603424587e-14,0
3.592934095819505e-15,0
3.393436042063032e-15,0
1.1872488948807092e-14,0
5.2239981060491464e-24,0
2.0067851014988816e-18,0
1.2453275284878128e-27,0
0.435834302134459,0
1.9460042959975842e-16,0
6.502867596658887e-19,0
2.604569241068296e-10,0
1.9792986593565867e-12,0
6.005463023972011e-11,0
2.4065900637216403e-11,0
1.0684061670078597e-14,0
1.0274878600027617e-20,0
1.416339897984176e-08,0
4.1868019572698686e-05,0
3.8038739641785866e-20,0
1.2762063169569355e-23,0
3.349447491127532e-18,0
0.9998501631695531,1
1.0682047755177807e-22,0
2.944247152197949e-18,0
4.8066724081202406e-12,0
3.4242618459512734e-22,0
2.642550216682384e-18,0
1.3969243695939001e-11,0
8.317914557136837e-09,0
0.9705241277990069,1
5.517819136859715e-10,0
4.7225527533823395e-20,0
4.608940067593422e-15,0
6.073823538907652e-24,0
3.1831391399795016e-17,0
1.6101814329624875e-20,0
1.6639167778194988e-16,0
5.089368301366136e-21,0
7.398967680415483e-24,0
3.4607958627373904e-27,0
5.046374490085379e-16,0
5.632947345000542e-19,0
5.8046236960964185e-21,0
1.3817461595274981e-17,0
1.8679966030480858e-15,0
4.0093446431103354e-21,0
3.142473433401738e-18,0
1.0392192575567784e-20,0
1.2585690658855659e-23,0
1.5373422114746858e-22,0
1.805925708460297e-22,0
2.2673970963898238e-23,0
2.2543741071794084e-23,0
4.252809598987268e-18,0
1.095620525065502e-15,0
1.8173716299258832e-20,0
2.3036348786377584e-21,0
2.6150507669403794e-20,0
8.810054732055226e-14,0
6.086082018654031e-23,0
5.223894761341287e-23,0
7.848377069002637e-20,0
7.647403373435919e-14,0
1.0311185907864812e-15,0
6.47092766277387e-17,0
1.2101580443031919e-18,0
1.3445195202590806e-08,0
1.4604475932533308e-07,0
2.646776171656776e-16,0
3.167140349680244e-19,0
3.035609098500703e-18,0
6.453260177296469e-11,0
4.732963952164488e-20,0
2.943246639335065e-14,0
6.688804133925067e-14,0
6.007776681240343e-21,0
8.868548219415291e-16,0
0.00463203442116916,0
3.6669017793087665e-23,0
3.9153246118469965e-20,0
1.307196557194604e-25,0
8.744085752359992e-12,0
1.3931015149998711e-08,0
5.037734614056944e-11,0
6.706301739624147e-21,0
1.0257625776389462e-16,0
4.886667406264691e-21,0
1.0262142008125632e-16,0
0.8646328434924432,1
9.503246503740888e-13,0
8.60405780493751e-19,0
7.420662412434517e-11,0
2.4372471761968236e-20,0
5.773886246459683e-21,0
1.158895036454622e-23,0
0.0033771251929841963,0
4.443030442375288e-15,0
4.1396786669085683e-16,0
2.8604982976394647e-19,0
9.961631489567411e-21,0
1.918730391725223e-18,0
9.37580295256148e-19,0
1.125441026515944e-16,0
0.0013322199339139136,0
0.9488956410330793,1
1.4463252176260736e-22,0
8.440596304113082e-18,0
1.7937210622074246e-15,0
6.603935111606963e-19,0
3.894829997075763e-15,0
1.2308565389282582e-16,0
3.76985655050975e-13,0
1.7081371655960972e-20,0
7.875219166055126e-26,0
1.4875665463992195e-12,0
9.656461792174113e-18,0
3.52153270981132e-13,0
1.7066965323056982e-20,0
1.3701290794297067e-16,0
1.4531125239493714e-14,0
1.8702471694526505e-21,0
2.153376431820391e-19,0
1.4610331743592745e-14,0
1.443236574205739e-06,0
5.611938187798922e-21,0
0.00011768238193679175,0
1.4787830771691047e-24,0
1.0776528892146993e-16,0
4.399688367358405e-25,0
5.7124913248456083e-11,0
3.616430585171099e-22,0
1.5226193157444072e-12,0
6.070729328542766e-23,0
6.809580527392164e-10,0
1.951107358503387e-14,0
6.154191509608799e-19,0
3.979294418220643e-20,0
1.6175903751054763e-10,0
5.7879864725045595e-12,0
6.780612930393357e-15,0
8.256101343355053e-20,0
7.218026742926093e-25,0
7.20677490045504e-25,0
1.6116690177207566e-15,0
3.3527801040797475e-12,0
3.03543292710802e-11,0
1.2966653546497501e-21,0
6.042809840333287e-17,0
1.276439160860032e-11,0
2.129102306817344e-10,0
7.355608869160005e-18,0
1.2710801064897003e-17,0
3.647332547641706e-14,0
2.521431062241079e-15,0
3.704155954286877e-17,0
3.2734319828625873e-16,0
3.7327145239515986e-14,0
1.0755016828859776e-12,0
1.0923240790823059e-20,0
1.2358681637282166e-18,0
5.53121937806088e-16,0
7.809971929399408e-10,0
1.0827141787200107e-08,0
0.00030768453891019947,0
6.061373093354237e-08,0
3.7553263834268316e-15,0
6.745982726128794e-10,0
4.20242304327053e-21,0
6.646078208601613e-15,0
5.4596401750632695e-21,0
6.258827356073239e-20,0
5.24088030615353e-25,0
1.112447755515049e-11,0
7.700255836777217e-14,0
3.0410097485146335e-19,0
3.165130604743103e-19,0
3.0105875612175424e-09,0
1.2853887082763164e-16,0
4.9788130603500464e-14,0
3.6616940662926666e-13,0
7.402834090226596e-19,0
7.621540919420917e-21,0
1.1613944646986253e-14,0
2.2442764634210587e-17,0
1.1757353766814919e-07,0
2.5894312592047393e-14,0
1.0426737011714667e-14,0
6.131416571967687e-19,0
8.275761532753896e-15,0
9.921123940869022e-17,0
2.4986282756868693e-22,0
8.133025286841154e-21,0
1.8729475684824942e-23,0
9.030936334654859e-12,0
6.072025072814634e-15,0
5.775612701340876e-14,0
5.219603122685934e-13,0
1.2637376530355603e-11,0
3.62451446676565e-10,0
1.3166816206850342e-22,0
3.5900989199938304e-13,0
0.20197358807656668,0
2.640604943038728e-10,0
1.895055120088643e-14,0
5.988651098672289e-05,0
4.946392530717118e-19,0
1.143604398996792e-12,0
4.4310781012728454e-18,0
1.246507092400423e-11,0
4.218230671086065e-21,0
3.598060186664348e-16,0
1.6551398543150548e-16,0
1.125460399474914e-12,0
1.3345010103028242e-22,0
4.7645044929985845e-23,0
2.5295283495621953e-16,0
5.01652837513366e-15,0
2.9012819427801522e-18,0
7.439003902523396e-17,0
1.2569356528229375e-21,0
6.826388728984437e-12,0
2.291178063227932e-21,0
2.760240437602307e-24,0
4.1230486253920555e-13,0
1.9728729893131555e-17,0
1.303706802027868e-15,0
2.1486852755240397e-18,0
1.367501335170119e-19,0
3.3740185231492535e-20,0
1.319249837670776e-19,0
8.528739650122979e-16,0
1.172749876256949e-18,0
1.5372754429744717e-13,0
3.8760830005825564e-17,0
1.3589279680677063e-15,0
2.700877764490232e-23,0
1.9912374114012534e-17,0
2.946700832397245e-19,0
4.373144473535967e-17,0
3.863768958649292e-15,0
1.2343160491595634e-20,0
8.395436827225791e-23,0
1.1404209623589796e-20,0
5.240833726243046e-12,0
2.0507294699249506e-21,0
2.711144596571843e-09,0
2.4500105121532967e-11,0
7.503139112277838e-14,0
8.00817613681101e-06,0
8.217825636522608e-15,0
1.6894836883700958e-11,0
7.553706423927884e-15,0
1.485135414719357e-20,0
1.2461461847979285e-11,0
7.624410934677347e-12,0
0.0007619705958824681,0
2.854443702627036e-18,0
1.6428460889428407e-07,0
7.284701361075738e-22,0
2.755630060166429e-18,0
5.7266761667814e-20,0
2.5150951041166263e-15,0
3.553549723066048e-23,0
3.1237647414140376e-12,0
9.611533018654435e-19,0
1.8917451047264522e-19,0
2.2282601952749523e-16,0
1.7900350891678598e-26,0
6.228535782835446e-19,0
1.3110308837136997e-22,0
8.333273467481822e-28,0
6.816276145608514e-13,0
6.679455854092443e-20,0
5.086907715586735e-21,0
3.649130247870913e-16,0
5.586748013856705e-16,0
1.211226303139626e-15,0
1.0668668467914491e-16,0
1.0012921415127145e-22,0
2.1717118264165783e-19,0
3.467479525027626e-22,0
1.0996908435918595e-20,0
1.4174909731038027e-22,0
1.5145473981442416e-23,0
7.175792313878239e-23,0
2.0238499056213646e-13,0
6.532407238564038e-14,0
6.997173872219035e-10,0
8.501692150760667e-19,0
1.8013429456125148e-25,0
2.781091105442929e-21,0
9.461515168756108e-24,0
1.5763028549875708e-20,0
2.22104547410743e-09,0
7.383549668287423e-15,0
1.784707393394881e-20,0
4.1156194153619425e-21,0
6.058226967008001e-10,0
4.8614129908764376e-11,0
1.0598657751458615e-14,0
2.3078806274315627e-19,0
2.7999059493184513e-07,0
2.412438993023453e-16,0
7.091035133073635e-16,0
6.824130272430299e-21,0
0.7779920638548454,1
1.8199223934328558e-13,0
2.682096897569776e-25,0
4.5352156773636014e-20,0
6.932268942995712e-14,0
7.365956024133998e-24,0
5.434306355129428e-23,0
3.152127273840095e-12,0
5.421853555768402e-18,0
3.12798200151797e-14,0
2.339135135430916e-16,0
4.449516557483191e-16,0
2.0242078750838718e-13,0
5.93116381027068e-17,0
2.4868523106145902e-14,0
3.1605501485140515e-15,0
3.036373911755481e-24,0
7.742293861358807e-15,0
3.5298202626020146e-17,0
5.709286805248879e-19,0
2.785096076605417e-20,0
1.044816205830014e-21,0
7.977474699510494e-13,0
4.2957358561479064e-19,0
4.3505924715849113e-17,0
6.1531815587961825e-15,0
2.6020359637424273e-24,0
3.1447025706198897e-19,0
2.9061364011119744e-14,0
3.407460672415305e-25,0
3.1535835253874227e-06,0
7.320435620398827e-10,0
1.0010408799620114e-05,0
3.351461199316177e-15,0
1.4004899249330384e-16,0
9.298202380288012e-17,0
7.373935428427463e-06,0
2.6472688307862823e-12,0
1.1000006426753075e-14,0
4.4791986152872306e-21,0
1.516325164161045e-22,0
3.4143839804199148e-15,0
1.1749158717288087e-08,0
1.3793268985315045e-15,0
5.485246701410115e-15,0
5.931642151385336e-15,0
4.990666429235119e-16,0
1.5610732952872238e-06,0
6.673480995859976e-20,0
3.5807291096803605e-10,0
1.0381898258287447e-16,0
1.1958617020837565e-17,0
6.00135153347891e-14,0
5.714782686392547e-23,0
4.459919894651808e-21,0
3.0444113409285e-11,0
5.3761704328414225e-17,0
1.5026780802085906e-10,0
0.9998902592991538,1
1.570916108832508e-15,0
2.0676242110219353e-12,0
7.200191112790673e-20,0
4.834795429779787e-11,0
2.9123987765793695e-13,0
2.450423219152646e-20,0
1.602594903799787e-19,0
0.08164854209023062,0
1.0383543543317657e-05,0
8.667020581679309e-17,0
7.553967160331095e-12,0
1.663120092958196e-09,0
7.61984991920255e-16,0
9.420179439691084e-10,0
4.091939044172221e-14,0
9.611417659247944e-21,0
5.1637128182319725e-15,0
1.9517738401222015e-15,0
1.2866721541388128e-11,0
2.7932537041339036e-15,0
1.0353795660361258e-15,0
7.8567578800919e-09,0
6.184991668135403e-12,0
1.9039303649593117e-18,0
7.977729107005956e-17,0
1.1942363559854603e-17,0
4.3446056994489044e-13,0
2.484995378172503e-15,0
5.994275759132292e-18,0
2.192054709553952e-23,0
1.6391031356100943e-17,0
8.751561979240656e-10,0
2.7550078108632585e-27,0
1.9900531559717112e-11,0
3.6998075292562444e-20,0
4.935457694268954e-16,0
1.4104304099551876e-12,0
7.143383329791845e-13,0
5.824204305437776e-20,0
3.7609128397469474e-23,0
1.2607671394519672e-11,0
5.459047091119952e-14,0
1.8733092864065354e-13,0
3.707436483913556e-21,0
1.1755750270601844e-17,0
8.088765937726891e-06,0
3.353737295361398e-19,0
8.238834403951803e-15,0
1.9244996449514315e-17,0
4.2680029678504946e-18,0
3.130248222020707e-20,0
6.890385486638003e-18,0
9.278286465388381e-15,0
5.640041053390283e-17,0
7.192461751762619e-16,0
9.432724759293929e-17,0
9.245454099549432e-23,0
8.789670962727912e-15,0
3.34206740045659e-17,0
1.4360995876784209e-18,0
7.293501102649793e-18,0
4.60515172152167e-15,0
4.448113233513477e-23,0
1.5088859015443277e-14,0
7.673434779534761e-16,0
1.379194667894165e-17,0
6.530293054573422e-23,0
1.1924778193069294e-09,0
1.276510408532787e-21,0
1.8053365620214298e-20,0
2.465163654093088e-19,0
5.176230613399328e-12,0
9.883053849662661e-07,0
1.8243807589254698e-22,0
1.808140477155897e-12,0
3.463353435207408e-16,0
2.1730626242399725e-20,0
4.148300217175727e-15,0
2.070830564063756e-20,0
1.9954007268721858e-10,0
8.526455060130459e-14,0
1.3724325343902078e-14,0
5.0849958199918915e-27,0
6.827888995806846e-11,0
2.573024926308412e-18,0
6.1003533493139254e-12,0
6.321423952723572e-16,0
4.58494056232155e-19,0
1.4221945629148494e-18,0
3.4565025334301267e-12,0
2.7822848029904667e-25,0
1.4328419383485862e-15,0
1.8492152304922213e-12,0
2.981771319328617e-13,0
1.0301972067260441e-19,0
3.688122197528523e-18,0
4.286659626993025e-06,0
2.5190565860807204e-14,0
3.7972975526315444e-13,0
6.009199423019142e-13,0
1.1095628714130463e-06,0
2.456990764588291e-10,0
5.487181558211798e-23,0
6.1964476871319064e-12,0
1.1106222487610029e-10,0
2.9059562846641606e-24,0
5.120985392786581e-18,0
3.4880719995452385e-12,0
8.100819241538167e-18,0
2.2017823061977416e-24,0
3.3436126619109134e-21,0
1.6617895621067477e-14,0
5.727134442355345e-21,0
2.1235742046385243e-17,0
2.0962439148143384e-21,0
3.762381277941575e-21,0
5.159566008936982e-17,0
6.729457369749663e-22,0
3.3267047703538487e-25,0
1.9756793499175052e-12,0
4.477425268215261e-16,0
2.607520120308375e-11,0
4.734356482994281e-14,0
2.8279671860121716e-12,0
2.2668345620543595e-17,0
1.2098896483699615e-21,0
4.857461408517357e-16,0
1.9478657741483212e-17,0
3.6097967685935346e-15,0
4.101402155557758e-17,0
6.345739006079301e-19,0
4.338572773768708e-19,0
5.022718147667307e-11,0
1.3731123711922731e-12,0
2.7692787406488512e-18,0
7.012205013413526e-21,0
1.8177606821968718e-16,0
8.583000490550788e-13,0
2.8584194212154805e-14,0
1.1145111536586174e-17,0
5.426498287740558e-16,0
1.042570697031732e-18,0
1.9457434873598258e-11,0
9.844531854198584e-13,0
2.4763699269357305e-13,0
1.177669726380926e-18,0
5.032163933509623e-27,0
1.4078027553161157e-07,0
1.0008061098056122e-11,0
1.4707183947395286e-15,0
5.4537429830141055e-21,0
7.750061910343838e-22,0
1.6665701919874868e-14,0
2.91860459983674e-25,0
9.254355151838607e-14,0
1.7863971582831338e-09,0
1.6234359627811242e-14,0
3.94433308450181e-13,0
2.0168380484629236e-10,0
7.883358845696039e-07,0
1.575481385707953e-12,0
4.820788429764083e-12,0
1.3317207385174696e-20,0
3.0723835183836297e-15,0
9.642150034180536e-22,0
9.923189385328816e-14,0
1.1514101300815696e-18,0
3.556377376968963e-13,0
4.0926216268087475e-17,0
3.5287859218170625e-20,0
5.483791378017488e-14,0
2.07835030522979e-16,0
2.681833421026926e-11,0
7.76992175045828e-19,0
2.449155270364509e-15,0
2.881626018368737e-19,0
3.0390199023245367e-15,0
3.893416006540462e-07,0
8.693001687099629e-21,0
5.114988075295535e-05,0
6.134082387914797e-14,0
1.1747584588757446e-17,0
2.0419253601107615e-16,0
9.82732074472389e-19,0
1.6856980343262879e-15,0
1.1144196062808204e-11,0
6.603753522875555e-17,0
8.509977236526182e-13,0
4.137287048863667e-20,0
3.1142466169188385e-20,0
4.910624057914496e-12,0
2.0775377365788556e-15,0
1.0187407105467247e-11,0
5.613569584463963e-18,0
1.2638761301652655e-22,0
7.238276192023826e-19,0
5.387031306075692e-10,0
1.5023363443288212e-17,0
8.023411030544094e-23,0
7.079748771894073e-14,0
3.205769863194678e-15,0
4.868240156555865e-16,0
1.806566328063933e-14,0
6.508023694634277e-14,0
1.0272013653194106e-24,0
1.406222517881964e-14,0
2.9063699093820828e-08,0
1.3148169844079093e-10,0
8.0241020536417855e-28,0
9.991649454713359e-12,0
3.1944508560737814e-10,0
4.0245075439333206e-21,0
9.278414123747486e-22,0
8.555389926349558e-21,0
2.0053125787736614e-27,0
6.1165599100058356e-18,0
2.0191267523147077e-23,0
3.47691275673647e-27,0
1.5763823416376497e-20,0
1.1392381602026472e-11,0
2.6902327991013752e-15,0
0.0005812184083391662,0
1.0132657987515939e-15,0
2.2064171756244125e-18,0
7.713246934148476e-13,0
1.0091869218093139e-25,0
1.7207529092894133e-21,0
1.957324529960162e-12,0
2.8782610845892364e-18,0
8.17430259728739e-17,0
8.423589838515606e-11,0
1.0142217751362568e-16,0
7.46624534221779e-07,0
9.584092251635953e-17,0
1.0496841354515344e-08,0
6.6902042843112754e-18,0
1.2075152774532273e-20,0
1.2477123708596287e-13,0
7.500031993638946e-17,0
2.9356587382152025e-14,0
0.08759138711916555,0
1.6181692276067453e-10,0
3.8154989021936926e-24,0
9.003851493096367e-14,0
1.7397701442467766e-18,0
8.602741289063496e-17,0
3.367294585401583e-15,0
1.120167656817354e-15,0
2.0172549722554238e-21,0
2.1597583494255082e-15,0
1.143880575016698e-19,0
5.083308619450062e-27,0
2.691106147298709e-21,0
3.36481146249517e-17,0
9.893084283983192e-10,0
4.471198360736777e-28,0
7.383596662625916e-26,0
2.452603892734887e-15,0
5.801475921741951e-14,0
7.338097831987644e-16,0
1.6157228966263462e-17,0
5.738616934066412e-13,0
1.7374183389049574e-16,0
1.782831716875623e-18,0
1.970008470885871e-15,0
1.69063201134356e-24,0
2.6434300429629797e-05,0
1.3157803750057738e-07,0
1.962707685343578e-24,0
5.9914872379107e-20,0
1.6724755393397028e-11,0
3.1210131386104933e-15,0
4.5060176619355934e-17,0
8.62474969204842e-14,0
3.954485336807343e-16,0
5.803143456869513e-19,0
0.00029302318041053455,0
1.6080478538418917e-13,0
4.5547020449993283e-11,0
5.013473781696559e-13,0
3.928255936285895e-05,0
1.707097704684734e-20,0
2.5189268516351837e-14,0
1.1897613299533122e-19,0
2.289624988220968e-19,0
4.229029066249918e-12,0
1.7102368442785367e-15,0
5.880816576894279e-18,0
3.4329192395226695e-16,0
1.298366116725233e-12,0
2.9976202555574254e-17,0
0.03433506106006087,0
1.1824536697305648e-10,0
3.197728653609385e-08,0
1.9832013959355166e-16,0
1.936061190753459e-13,0
8.980057469913226e-23,0
5.389638968420815e-14,0
2.3199510519205804e-20,0
1.5730327963846695e-17,0
5.507127343938129e-05,0
3.259746825661407e-19,0
6.904823324883424e-16,0
5.142119447291741e-08,0
5.5941408655047005e-24,0
1.5163986684736138e-12,0
1.0127860860929208e-18,0
4.121648868800899e-09,0
9.711698566040385e-25,0
4.482508610581669e-18,0
3.1036683721535334e-05,0
8.069577082167873e-11,0
0.9361535681370678,1
1.374082258925223e-15,0
1.3574106559971139e-11,0
1.1453763496744688e-19,0
9.548170774793448e-15,0
5.087836541422916e-14,0
6.3608659842829636e-18,0
0.0003832384754643984,0
3.305679363383723e-09,0
4.461114074116671e-19,0
4.785741946062003e-25,0
8.595328222651553e-17,0
1.382177826157625e-07,0
0.0005939695661709942,0
0.9798052414417583,1
2.067756849303257e-10,0
3.81466043820012e-26,0
1.7487456135956314e-07,0
8.641747007986625e-19,0
9.567286197378483e-12,0
3.030857327609542e-18,0
1.5601303692469192e-16,0
8.430923403223842e-14,0
1.6555430580731245e-11,0
3.531488162442477e-07,0
1.523942120262447e-17,0
1.4314267975869934e-13,0
4.156781469628014e-21,0
4.246743595165586e-18,0
1.0686548926617342e-10,0
3.976866938151553e-17,0
0.00018470700130965377,0
8.760285788310781e-27,0
2.1244465282565882e-17,0
1.434336765735864e-18,0
3.7943905082479165e-20,0
8.001374821803751e-16,0
3.951556474454162e-08,0
0.012967144572693795,0
1.917486846571288e-15,0
2.6834677012277127e-13,0
1.001576385089177e-20,0
3.8321855035359557e-10,0
7.473349674284198e-21,0
4.8197219516403356e-08,0
6.3227213498721605e-12,0
1.25984810444371e-24,0
1.2113595713713385e-26,0
3.307563474896022e-05,0
0.9835286416836129,1
1.4174317394653586e-07,0
1.711788865252583e-08,0
3.9495585671401853e-14,0
0.1981805384313677,0
1.1632542632071322e-07,0
1.6873837512658777e-20,0
3.2370114135088387e-19,0
3.6862244997235074e-13,0
1.0017979507900341e-25,0
1.6742313487301252e-16,0
1.8055352278389156e-23,0
5.716492926370113e-17,0
4.852842099836756e-13,0
5.989850062163815e-22,0
3.376240545081995e-08,0
1.7356622296902974e-09,0
5.216405666751841e-18,0
1.4053372581614301e-11,0
6.673084242821176e-15,0
2.145574117175021e-22,0
0.008918700832452012,0
1.4992172779557403e-12,0
0.005337604840768955,0
2.779388092476957e-20,0
2.620466218255701e-13,0
7.484535500435119e-15,0
1.1844620233619591e-18,0
1.4742695951173096e-20,0
5.330955217570094e-23,0
4.0141535946621265e-21,0
8.625187375105625e-19,0
3.120702145905847e-16,0
1.7225171357577621e-19,0
2.1587921322871663e-22,0
2.4282350398478182e-23,0
1.161905293243183e-16,0
3.9895105347651175e-14,0
1.2250132353030043e-13,0
2.3611639819988157e-25,0
2.6799735310982214e-17,0
0.00038459491454995805,0
1.953922311237329e-17,0
1.952841507600292e-14,0
4.984788373188602e-08,0
2.027496060871355e-07,0
2.77716283393049e-09,0
2.661873106656737e-07,0
1.842302136069718e-15,0
1.3482431876034405e-12,0
4.434543872468717e-08,0
4.844848467836431e-16,0
6.098873693940263e-24,0
5.3070444932377626e-24,0
4.483760167177189e-14,0
1.0966795058510336e-16,0
8.51238640663627e-19,0
6.919742185328255e-11,0
1.5444687411901422e-14,0
4.618119088716188e-07,0
1.0319028232203042e-11,0
8.160769053200436e-15,0
1.280867429396713e-19,0
1.5565004198618984e-16,0
2.2612106831562538e-13,0
1.9889393021787911e-16,0
2.871583792358855e-14,0
6.6299278488748504e-21,0
8.442155475778584e-18,0
5.005440500702448e-12,0
1.257721630470912e-16,0
6.32500162884435e-19,0
4.946168007120622e-19,0
2.4147363426426585e-13,0
8.623072906687675e-20,0
5.2574597136929996e-15,0
3.1323725405347824e-14,0
1.9060682603854022e-07,0
1.4331184535509866e-15,0
4.591475454066816e-18,0
1.021958424019106e-24,0
4.536739053820413e-19,0
1.0938799370633313e-16,0
0.9999896646439129,1
9.497625985777296e-10,0
1.5207651021338516e-18,0
3.6046106359079386e-10,0
1.048272975120463e-14,0
5.8232606510270014e-08,0
1.4144282794122043e-10,0
2.400805942586737e-16,0
3.310360341706874e-17,0
3.7288346839125675e-20,0
1.1445776844574249e-14,0
8.323111201943639e-15,0
2.23053786513847e-25,0
0.0023005990331597904,0
1.7147260477485915e-12,0
2.2497814394980858e-13,0
2.8394023744462126e-19,0
7.679798802839308e-20,0
1.3674481922320215e-17,0
0.8974196499754243,1
9.104935693645117e-13,0
9.205794585200685e-13,0
3.3014199007871585e-13,0
4.4431388435178823e-13,0
9.683468249479637e-13,0
2.783630833236805e-09,0
2.523598842039701e-15,0
1.713135746810275e-11,0
5.19799058111906e-23,0
2.5234650871585284e-18,0
4.1819456802156615e-14,0
7.394708885516976e-22,0
4.102806059173284e-11,0
2.5305979370834075e-16,0
0.3730712340474155,0
5.684019237968355e-12,0
1.8697467369634267e-14,0
2.4698794145642872e-20,0
1.732852079104165e-23,0
5.975864106615903e-16,0
3.2175385420798902e-12,0
5.512726570178061e-18,0
1.2873200781992864e-13,0
4.060764630718889e-15,0
3.156718112228567e-09,0
3.095990506251302e-15,0
5.2087783771600984e-24,0
2.9257212073849414e-15,0
0.0009590148521596546,0
1.5226099646438814e-22,0
5.082354625332952e-15,0
2.9661257259902356e-13,0
6.83949571817679e-14,0
4.166030408932688e-13,0
2.9477856707951595e-17,0
1.7132007303452517e-23,0
1.2319309236408805e-15,0
4.887080525105072e-18,0
8.938391655620645e-21,0
1.593354567051275e-16,0
1.7604865529375427e-12,0
5.051052917137217e-13,0
2.175143835000103e-05,0
8.208083797810517e-13,0
0.003473439179330001,0
4.47441771053672e-18,0
7.682848247581192e-16,0
1.4173549957241505e-11,0
1.0697932761193012e-24,0
0.015865740557495903,0
1.982395009095556e-12,0
0.9891309535996969,1
2.66094987539224e-13,0
5.89987593004648e-12,0
2.0802138199008353e-12,0
3.159676936333787e-07,0
1.0105127943897205e-11,0
8.047234825185991e-15,0
1.2380526226873338e-23,0
2.232882882201408e-16,0
2.229041308584172e-08,0
3.015185542645932e-19,0
8.37807893600063e-11,0
9.904500615223924e-16,0
1.8600995153679924e-10,0
3.6028304761165925e-24,0
3.668488920378762e-17,0
4.587043833693442e-15,0
1.6321340165069637e-18,0
4.612063345938809e-20,0
8.666700238813822e-21,0
5.089130700636966e-15,0
1.8837866287800353e-22,0
4.016168706828851e-13,0
3.295435193745599e-13,0
6.4146594441568435e-25,0
1.9410572468390107e-10,0
2.0014012183302953e-16,0
1.1035896941516343e-20,0
5.156754918634643e-22,0
7.276649030549414e-12,0
6.804546547626295e-18,0
3.2957080946640677e-22,0
6.4805706464144006e-06,0
2.408273223349161e-11,0
8.736157028689753e-18,0
7.90585827737211e-09,0
3.8579169306144403e-17,0
0.006639322037137176,0
2.2706270313274498e-11,0
1.6325348091674126e-12,0
1.6056388298169783e-14,0
4.379414239258149e-14,0
2.1947014076228734e-18,0
3.5907850759623233e-23,0
1.0540666035232574e-22,0
9.158178416042851e-25,0
2.6819337423738386e-10,0
4.2859435040650924e-24,0
3.1904908917034707e-18,0
1.6985535474767665e-18,0
2.377915130056715e-13,0
2.1624918446623386e-15,0
1.3142516572487098e-16,0
1.7015561001675294e-17,0
5.080893183895794e-13,0
2.6373977612673933e-14,0
2.3146529373767517e-10,0
5.002774828564012e-16,0
3.4736681893873993e-20,0
1.9913377055480574e-18,0
4.360582768723342e-20,0
7.837814764410139e-17,0
7.445751737780242e-15,0
1.1887176020259112e-16,0
2.0220273298903952e-15,0
7.242337661071584e-12,0
1.88468715609063e-21,0
1.0804548966296568e-22,0
3.413664718738867e-17,0
1.087729503687934e-18,0
5.154627708691892e-17,0
4.0046568828244104e-15,0
6.960425189515568e-19,0
7.423434273209582e-12,0
4.674370086938949e-21,0
4.881228921169873e-07,0
1.181231216649213e-18,0
0.001666985538497217,0
7.663453212593885e-20,0
3.7325950439283835e-17,0
3.730640118370933e-23,0
3.3589187392022497e-19,0
2.3206508411849946e-19,0
5.960227111509518e-19,0
2.4409536972328204e-18,0
5.860643355767307e-17,0
4.2663968755736834e-19,0
9.374382740953232e-10,0
6.866534148748057e-12,0
6.169574235908516e-13,0
1.376979243933256e-21,0
2.063763310305657e-20,0
0.0070920532866226285,0
6.414384140760744e-12,0
6.210395662081074e-18,0
1.0870675661273914e-09,0
2.520723389715638e-08,0
3.523674665235135e-18,0
6.995145889573083e-17,0
4.5357000923103966e-18,0
8.699024553146357e-10,0
1.322401546758221e-13,0
6.041544053302619e-21,0
5.0717337348101196e-17,0
6.149352850065553e-14,0
1.543628494973595e-18,0
0.675142293474779,1
7.463176089094104e-22,0
1.206172039569905e-08,0
6.997688729230172e-11,0
3.1847262245437745e-12,0
1.862950836303133e-15,0
0.0011095639001917812,0
7.658607203974422e-18,0
2.437498336672205e-10,0
1.6886267073410507e-22,0
3.2479183635965134e-23,0
2.6671822415129044e-24,0
1.0491234348824731e-24,0
2.8429790261495043e-21,0
1.0458097213171725e-20,0
1.075364702327851e-09,0
6.521457855107177e-20,0
2.1729881240457513e-22,0
1.1266684719757163e-13,0
2.3146389076753553e-18,0
4.543582375567633e-15,0
5.89329518165826e-13,0
2.2463717389291468e-14,0
1.6045110419925482e-09,0
1.5037017206283323e-14,0
1.2795475951838083e-12,0
7.638880654995591e-19,0
6.769545529503255e-12,0
7.951120232066111e-15,0
5.703090078363535e-22,0
4.484081687446511e-20,0
5.360163620439976e-26,0
2.602928662730192e-10,0
1.389226880600767e-20,0
6.191875290953187e-19,0
0.023439013184701735,0
1.0699074847229978e-14,0
1.0569610515651095e-14,0
2.1554201501504477e-18,0
2.9781130187887476e-18,0
1.0171793339063133e-14,0
6.3806809891511816e-09,0
2.7918563897375604e-18,0
1.7970835449409955e-27,0
5.234577845467519e-16,0
4.86172032815916e-19,0
7.824006280769425e-15,0
6.562357868079785e-21,0
1.696020737205922e-20,0
4.328956559599174e-18,0
6.124912959697062e-19,0
8.043693739645666e-17,0
1.6099943867983922e-15,0
6.998328280070821e-12,0
5.93191088618499e-14,0
3.041278172254535e-14,0
1.3859607712961598e-08,0
7.280922301506333e-14,0
4.743769860267625e-19,0
3.503979064396796e-21,0
5.719583569737903e-16,0
2.1779741864199496e-05,0
1.2791992409537552e-18,0
4.812309049597697e-19,0
9.486013951836246e-18,0
6.157900861883753e-10,0
1.5575060827484532e-09,0
8.662885454787743e-18,0
8.509082964406355e-22,0
1.0377670611782807e-20,0
1.78903657893967e-11,0
1.6973285218202055e-16,0
1.1365043686002204e-20,0
1.2762081007111553e-11,0
9.749272526273398e-15,0
1.0004251366350988e-20,0
3.0154611295353907e-13,0
1.2493058332254186e-22,0
7.145106861401926e-25,0
5.019306360234183e-12,0
1.4817103086482457e-16,0
3.884246698621148e-08,0
7.874877332002037e-19,0
2.3564280008492736e-21,0
4.89957155791267e-08,0
4.22299137405592e-06,0
3.444952626354919e-24,0
2.9140467261303037e-19,0
5.164011699547172e-21,0
7.400336080563246e-24,0
1.1117842551816782e-18,0
6.919081266021001e-19,0
3.6125054794671404e-16,0
1.973966824789662e-18,0
1.7994036937573486e-21,0
3.2689098244375334e-11,0
2.3655034924003493e-10,0
8.451176264193994e-19,0
1.0721475162857098e-06,0
2.586018759493014e-17,0
1.4979144666790196e-23,0
1.1913368584152558e-14,0
1.342900767448188e-15,0
7.301019315190304e-16,0
2.1145677542657153e-07,0
1.991058643410257e-16,0
5.920247098070315e-10,0
5.378086629984181e-12,0
2.2405028654849602e-08,0
4.5044348256318563e-17,0
6.304449610747807e-14,0
0.49886572058296635,0
8.539086421205196e-21,0
9.813313892667235e-21,0
5.24443962605294e-11,0
2.3456261749204463e-23,0
4.247702611887834e-25,0
6.08337843809582e-23,0
6.458238457287761e-16,0
3.5706299109056486e-20,0
1.1096006802752549e-21,0
3.2656774724753985e-22,0
1.0130730168618268e-17,0
2.524581853085476e-18,0
4.338506481147783e-18,0
2.0086368228770354e-20,0
1.0968952731997282e-12,0
1.1099329045870287e-14,0
3.134362753466055e-23,0
9.363960845853534e-18,0
8.316183782898887e-06,0
6.992636137198786e-16,0
2.1635007942775994e-11,0
1.1287039171888103e-21,0
3.3752410766095446e-16,0
8.644514496781888e-10,0
3.485434163616681e-14,0
1.2064095097369947e-22,0
1.4010755304827186e-17,0
1.0413819387906739e-17,0
4.9530659805032504e-11,0
4.481715506471699e-22,0
6.7743977805539535e-09,0
6.492607624556405e-13,0
2.5453102111351656e-15,0
2.42584871633812e-24,0
1.579656547754581e-14,0
4.796137527799547e-14,0
3.600540690829937e-21,0
1.8943466154063187e-18,0
6.945556310089371e-16,0
4.491610407868131e-12,0
7.6080311328496e-07,0
5.187811093017372e-06,0
3.8992002445041826e-17,0
2.0957799741184636e-16,0
5.951758189673073e-12,0
2.0124575141394546e-19,0
6.211986224683956e-19,0
7.844761436155502e-19,0
1.8031875948156616e-17,0
5.1709478737959366e-14,0
1.2393556099917077e-23,0
1.3694988106983382e-27,0
3.992948345090127e-15,0
3.215799882738555e-07,0
1.1471716411024321e-12,0
7.180655748816237e-20,0
3.568523716583e-15,0
1.5352592473587998e-12,0
1.2679620601489505e-16,0
4.399214448098112e-21,0
4.3940639379689145e-16,0
8.178519857688663e-16,0
1.6090007993431496e-17,0
4.882276856299533e-24,0
2.080897027370122e-08,0
6.067076569644922e-06,0
3.659957080115833e-22,0
1.5393392250275318e-16,0
5.819011496120849e-21,0
9.273320692242438e-20,0
3.486870169920384e-08,0
7.361726840343911e-22,0
5.973751631182692e-13,0
5.763404550274817e-22,0
0.0002160905496346888,0
2.2774199868431478e-20,0
3.153866804606513e-15,0
5.717008891322856e-16,0
1.0396786375871662e-17,0
1.7133252050643332e-17,0
2.2933356861853802e-14,0
4.4306786353137105e-16,0
3.588616978218379e-16,0
7.905311247377665e-22,0
2.4641301019822366e-14,0
4.006851475160469e-11,0
1.5354357606829194e-15,0
3.599498565899392e-15,0
4.047751722687191e-11,0
2.147244785801638e-15,0
1.7010980950908517e-21,0
1.4696316454568504e-12,0
1.2281375329902774e-12,0
2.198823120106975e-17,0
4.4122742269121076e-14,0
1.5222525138370475e-13,0
3.560230128397993e-17,0
4.3795395669969033e-13,0
1.8310423388971956e-15,0
3.600660409567379e-17,0
2.689261498333103e-17,0
4.451299558336445e-07,0
5.9121084007415816e-09,0
1.300903192977419e-18,0
3.5072727331454186e-25,0
1.1953553843738478e-14,0
6.5715733321022356e-21,0
3.2839402989873344e-14,0
1.2474105757487706e-09,0
4.476207620623023e-17,0
2.2617689001820356e-07,0
1.4481559567665762e-19,0
6.64100924081449e-14,0
9.646568686948842e-09,0
3.993123696830129e-17,0
0.9272130187867926,1
3.043449123002396e-10,0
0.00026378729080955973,0
2.930173114805423e-21,0
2.145611209916032e-17,0
7.092881446845787e-19,0
1.0183339101866691e-07,0
1.5913926627567507e-17,0
1.3490481730364601e-21,0
3.424853173409284e-16,0
2.9858252975125553e-14,0
1.3493642053143946e-17,0
2.72015436491845e-27,0
4.75315599801538e-19,0
5.679890226307841e-14,0
2.2650448357340277e-09,0
1.0731043249721981e-18,0
2.9561969168331123e-10,0
0.9999864751226049,1
6.6070636875149e-11,0
7.126901390187609e-07,0
5.715860101259099e-13,0
1.1696327602997346e-07,0
3.5694220447480395e-11,0
2.8110082466369535e-14,0
2.5149578691473293e-08,0
2.587363555587383e-18,0
0.00012829792411245367,0
7.757587490808543e-17,0
2.5397213676863083e-08,0
1.641125013724158e-23,0
5.71484756420987e-19,0
8.033266344803026e-09,0
2.3160606627281555e-19,0
1.0136169987171981e-16,0
6.191327522846916e-15,0
2.291689191364996e-19,0
2.2110486332542623e-22,0
1.5720389728927754e-16,0
2.822446858106e-17,0
5.2766580881578424e-12,0
2.730990030046862e-19,0
1.7941669344629394e-12,0
2.5147046263510797e-17,0
4.136879645999709e-11,0
3.1186806125180265e-14,0
8.035004232020768e-23,0
2.4432933079954457e-21,0
4.209859051619623e-21,0
4.150956068514977e-10,0
1.2447548782210341e-20,0
5.505144381977014e-22,0
6.051932579414156e-12,0
5.261196452674838e-17,0
8.460694552975185e-19,0
0.0004069635214010554,0
2.1312779130735624e-13,0
0.0006248258892462428,0
1.8803218457572426e-14,0
1.2600910868254315e-11,0
0.9032271414872444,1
1.524492552317454e-17,0
5.4364423647737735e-09,0
4.7469640371319454e-23,0
5.278826683132698e-18,0
5.910969773130838e-15,0
5.2774855182112145e-17,0
3.6649210403336234e-19,0
1.2003002721948534e-12,0
4.119545459920089e-13,0
8.664605804649606e-10,0
2.2508646309478342e-17,0
7.382956931119946e-20,0
4.405376095686416e-13,0
1.9442849126871725e-19,0
1.077786518214791e-18,0
0.7264063126767406,1
8.244882710586676e-14,0
9.762280668726919e-13,0
1.5833130509445525e-17,0
2.9917305642054004e-20,0
5.856789017080807e-06,0
1.2775196046104162e-16,0
6.203922032659341e-13,0
3.7676518005370534e-16,0
0.0001796587154268451,0
8.720700174776948e-19,0
5.421656141925083e-25,0
1.2004543914775787e-23,0
1.5110979120514196e-25,0
8.61858207303603e-19,0
3.6454032728279876e-11,0
2.078975853950079e-17,0
4.3261282530071124e-08,0
1.6127526937632635e-08,0
7.563030059391428e-16,0
3.308902986459297e-11,0
2.5440621156564704e-21,0
6.659630574547793e-07,0
1.861998142253561e-17,0
2.7055656213145554e-23,0
5.700651616521145e-16,0
1.737842836549893e-23,0
6.122890266302214e-22,0
1.251116888055872e-16,0
3.58546306176921e-17,0
2.8779114495864432e-08,0
1.7985709566943955e-16,0
4.484291960195156e-16,0
1.1916768764325256e-17,0
2.582192826282629e-08,0
2.610921915589379e-07,0
4.730568225785832e-19,0
3.410882242143468e-17,0
3.3451691488176106e-13,0
3.0314573887698637e-07,0
1.360048327986482e-17,0
1.6927502180424766e-17,0
1.499225275071169e-18,0
0.9524112257036303,1
1.5318023888800463e-18,0
2.2765169820221854e-16,0
1.9372028830408068e-18,0
1.795054339311774e-13,0
7.802455612911832e-11,0
1.1975412670068844e-09,0
2.0053298235993176e-16,0
2.3257761491071353e-09,0
0.002165609776046053,0
7.057186653295966e-08,0
2.8363289975243607e-06,0
1.5561694780233056e-16,0
4.968511007829466e-19,0
5.485630846975989e-06,0
7.223692668981022e-13,0
1.8702533754591334e-17,0
5.773816486791149e-19,0
5.140178955483335e-27,0
9.89920611659195e-22,0
1.0916731531347008e-09,0
5.570416088543157e-21,0
1.0791631753202468e-14,0
3.073244122003125e-21,0
2.153758185206781e-06,0
5.657772069042713e-11,0
8.548373082255449e-10,0
4.729514738871256e-19,0
8.600966798520318e-15,0
8.176099431483008e-13,0
4.564222991673623e-23,0
1.4346237108073596e-14,0
1.6692774600624975e-10,0
4.1593834106295765e-17,0
9.314077802959984e-18,0
9.145757346757867e-22,0
2.5511812231575073e-18,0
1.1517318225867857e-24,0
8.138920485229113e-17,0
1.2844412095237827e-07,0
0.0006557184963662672,0
4.4352992705622693e-16,0
2.0119519715485132e-18,0
8.721963768541994e-21,0
6.373724816968479e-19,0
1.6873197788571325e-15,0
1.5589359856027087e-08,0
5.617590609418956e-23,0
2.0625943803443745e-26,0
1.3266981201618066e-17,0
5.517858620573625e-14,0
8.889101446825454e-11,0
8.733688505740803e-23,0
8.256455341438449e-15,0
6.597209216396276e-15,0
2.0519841697783984e-17,0
2.1903778539204255e-14,0
1.3278858954955162e-06,0
8.982241455953091e-23,0
4.155214477521596e-13,0
1.1363318865727224e-10,0
1.550670071473259e-12,0
6.229941675600699e-13,0
1.6924544054546182e-20,0
0.0015506796131857668,0
3.529266539436669e-16,0
6.3232426929392504e-21,0
2.029814823613449e-19,0
1.4186698818488604e-17,0
9.426754838623608e-16,0
1.0327920715520497e-14,0
1.852972374286592e-14,0
1.6049268571824425e-12,0
4.522857135088615e-14,0
3.674225166856305e-20,0
2.41994874093471e-10,0
6.943610397497599e-16,0
1.9471047583060088e-23,0
8.480228911339199e-21,0
0.9999977930874643,1
2.4403649691924747e-17,0
6.014137020472809e-26,0
2.565157004038271e-15,0
1.3101388888382865e-17,0
3.095090157081839e-20,0
3.816733784731142e-17,0
7.826815598417612e-09,0
1.3975763875537666e-17,0
3.901017751634308e-12,0
1.6603015409395332e-13,0
5.300145465411098e-16,0
2.5566151158632748e-17,0
1.0324996441120973e-17,0
6.886125921889185e-16,0
2.0908565090471232e-13,0
4.3235010860851724e-20,0
4.5855261783275445e-10,0
1.6590349994003278e-15,0
6.925919250954221e-27,0
7.951152366801764e-18,0
9.519458118469267e-14,0
8.882255629850487e-08,0
4.888695804077527e-18,0
1.159588580452836e-21,0
3.4425091178128405e-20,0
3.0106984586354553e-16,0
1.2978054560462633e-19,0
5.330302596587819e-13,0
5.648173413392714e-15,0
1.9187046193756053e-07,0
2.0684473875340498e-10,0
5.095954275441431e-22,0
3.4316238168782456e-08,0
3.8608925189917663e-16,0
2.570455970204641e-13,0
2.4655587175838472e-15,0
1.897377003369878e-11,0
3.200106652966889e-20,0
4.117782063480696e-12,0
4.509595547893165e-12,0
9.278809442428742e-17,0
8.439012736285386e-15,0
4.613098890017505e-18,0
6.263990089713511e-14,0
4.821190682766971e-08,0
1.2531253732568173e-13,0
5.93930283761751e-11,0
1.4810721170663709e-15,0
2.1630380759264512e-13,0
1.5001571401187776e-20,0
7.848565032990263e-14,0
2.0318831877788396e-18,0
3.714198887314619e-08,0
2.3152367644978687e-15,0
1.176216260399013e-11,0
0.0012778202994631147,0
1.1090597411323263e-18,0
7.957833681529094e-21,0
2.001240412330346e-19,0
1.7640096649303264e-19,0
7.913593321481357e-18,0
1.3672263806572599e-21,0
2.9149208774046077e-14,0
8.026169282681425e-19,0
2.1874157552703417e-14,0
4.922808872262973e-26,0
0.00023382936695326857,0
6.356058537601351e-21,0
2.1876700318632263e-17,0
4.665094786861919e-21,0
1.4452193839327225e-09,0
1.0177763525250535e-12,0
1.8184938791151835e-21,0
3.8085118276474453e-19,0
1.0229899801628321e-18,0
2.491246149132992e-17,0
6.424509290202613e-10,0
6.726426624311793e-18,0
3.267083715606574e-17,0
1.2182797668990307e-23,0
4.479004641875407e-24,0
2.3825938294980155e-15,0
1.7315700757139072e-27,0
5.769590919642561e-16,0
6.233855281681924e-17,0
4.83994892117397e-06,0
2.339761986845221e-16,0
1.7313119609309308e-11,0
1.3220001883076488e-20,0
3.4303898693040456e-23,0
1.3901716628113907e-17,0
3.3519723431816286e-15,0
1.614304945686719e-18,0
7.182387760354282e-17,0
6.373047843591205e-06,0
1.3807163980564963e-13,0
7.873355493225949e-18,0
1.185308524077303e-17,0
1.2077466438042527e-12,0
1.3602366931320785e-15,0
2.4686498012984135e-21,0
1.6631405499752825e-14,0
4.490720391872557e-24,0
2.409556695168969e-21,0
2.829970916256452e-20,0
6.35020670145652e-10,0
3.4263352955790254e-16,0
1.8640458452610304e-17,0
8.77058977424289e-16,0
9.693032916297287e-18,0
1.964288321619575e-21,0
1.5903350209724913e-11,0
3.7783773277885573e-16,0
7.804445598626832e-16,0
2.584462262875795e-11,0
2.115159874503661e-14,0
7.762511839753512e-17,0
3.387572805716708e-17,0
1.0743488208543179e-19,0
4.410190963099128e-15,0
2.416004666558658e-16,0
1.167916192123064e-16,0
2.41163735203822e-08,0
4.629586672262205e-14,0
1.4307916231239872e-17,0
1.4394881347005333e-07,0
8.417880624091292e-16,0
5.194819102545721e-20,0
8.405871345468995e-14,0
2.8804825950926613e-16,0
6.5761877153759095e-22,0
2.6423828500855775e-20,0
3.2694550917658497e-18,0
1.4993525717316429e-22,0
2.699832310206492e-18,0
1.5379676740207806e-13,0
1.9878035199324955e-13,0
3.030451519683199e-19,0
1.8596999869848787e-16,0
4.7754079732249433e-17,0
2.5225379704856024e-21,0
3.0515403948856123e-18,0
3.1424040805933653e-16,0
2.0860344121555902e-07,0
5.499120850009922e-13,0
2.192952657405428e-23,0
1.9379515968353793e-17,0
2.913606163640493e-17,0
7.085792546084714e-16,0
1.8096498585112226e-12,0
2.6612990945334516e-12,0
5.196885828200606e-14,0
6.602198107947863e-19,0
5.567157694838058e-14,0
1.4802800374500454e-25,0
2.6819725808326793e-22,0
2.2309050281392654e-14,0
8.133022761001512e-14,0
1.1158982261210012e-23,0
4.900807525742022e-27,0
1.3463694151454588e-25,0
8.709605204764264e-21,0
3.1253601929832965e-16,0
4.348106854376122e-15,0
4.0636442079239206e-25,0
3.00969321984506e-16,0
3.0040418801575835e-20,0
2.9506327684495316e-12,0
1.4784258567023914e-11,0
9.26336640239889e-14,0
7.239569706775068e-17,0
9.793144045367133e-14,0
4.6726226252520945e-17,0
5.432085189545214e-22,0
1.5287981421133822e-20,0
7.918042476626802e-18,0
6.038219884620417e-17,0
1.7832787191488983e-15,0
3.3021489269323616e-16,0
2.3119070764747074e-12,0
7.957915477735486e-13,0
2.1584361934020442e-17,0
7.939634091517594e-14,0
2.376598336038871e-23,0
3.239527515351276e-19,0
0.00010053804329536913,0
7.865946191267423e-14,0
3.058604403588149e-25,0
1.4986358405082204e-09,0
3.0275451259796455e-14,0
1.9522135537690678e-19,0
3.1831419714257923e-22,0
1.2779983911115521e-17,0
6.60570254991351e-16,0
4.0480017642264766e-21,0
2.998344185024758e-19,0
2.225310527920208e-21,0
0.00015002430101962504,0
1.1932415766446144e-10,0
1.2177865298708548e-07,0
5.276243990366179e-17,0
0.0086462039914202,0
6.698030581047799e-13,0
4.789310161356594e-13,0
6.666861678179962e-10,0
2.0303025116775224e-18,0
4.447438822029238e-16,0
2.4080617985805734e-18,0
2.639665318012397e-20,0
2.0209896947470027e-23,0
6.764405464344422e-23,0
2.8804257439587037e-21,0
4.520579737719218e-19,0
1.4836344899792907e-14,0
2.0046825868479237e-18,0
7.261505280530573e-12,0
1.6529730311463628e-20,0
1.0794173920112155e-11,0
3.472242454104086e-18,0
0.04094129952488686,0
2.4202918580710584e-23,0
4.3199705852374436e-13,0
4.9129067502708686e-12,0
1.3229741882073606e-19,0
4.0976531745226625e-12,0
2.8551918246534173e-15,0
5.624372562894286e-22,0
7.376156094221654e-14,0
5.994021475695173e-21,0
3.436167766756355e-12,0
3.801179440990556e-18,0
3.0724893764308777e-25,0
4.44724636482536e-15,0
1.1107621633635657e-24,0
2.2332945431973376e-13,0
3.300307512350848e-09,0
6.064506009889992e-17,0
1.2647561812376555e-11,0
4.9915989283026136e-21,0
4.589563195202252e-21,0
1.6489352888765013e-22,0
3.168366167477777e-13,0
4.249635348130737e-17,0
2.686391456128442e-18,0
2.92972538081316e-17,0
3.9109053812629307e-14,0
1.080945134521524e-05,0
2.237395817357971e-19,0
1.710626888290016e-10,0
1.5695857218482187e-22,0
1.5488944507918924e-23,0
9.534857840354033e-18,0
7.231084534167296e-15,0
2.6563432282519563e-15,0
6.324598207793757e-17,0
9.661477035440503e-06,0
1.7923204271699373e-14,0
5.840989800914096e-18,0
1.5642844835403554e-07,0
5.205096829146076e-19,0
5.08799666070103e-23,0
2.5130951213291644e-25,0
1.8209717658393865e-13,0
2.6381289822776963e-09,0
1.9553970747601483e-20,0
1.1494397707704348e-08,0
2.3517072525609647e-09,0
3.106019335790229e-16,0
1.447462248849355e-12,0
7.064846799259352e-19,0
1.8012918173314955e-14,0
1.7336494703682253e-12,0
2.753543409808897e-21,0
7.01235302762529e-21,0
6.783722843899797e-22,0
1.9099214236167698e-13,0
6.458793133882796e-20,0
4.391611889056367e-14,0
2.9776694789090416e-11,0
6.5758102776799945e-18,0
1.0375796197025133e-15,0
6.829019315502965e-16,0
1.3841906073611357e-12,0
1.7557785398162345e-12,0
1.186373601958067e-11,0
4.697629245518681e-10,0
4.0098612501855933e-10,0
1.2252382859346212e-06,0
2.0600373288667044e-09,0
1.5533399895003415e-22,0
8.410734197406982e-19,0
3.1622241883966394e-15,0
2.1612926143542748e-17,0
1.7074451011079201e-12,0
3.983483433841102e-17,0
8.612038023645507e-12,0
2.21084395442437e-23,0
1.4018845719274154e-22,0
1.1593423874823314e-22,0
5.330530393827804e-16,0
5.671974913554953e-18,0
0.11753185988570072,0
1.2755625769940574e-08,0
1.7066585864928204e-20,0
0.000651607749173005,0
5.0546890168900007e-20,0
0.9999999969001261,1
6.729475863795946e-17,0
4.1899982619591954e-14,0
9.423855219618543e-18,0
2.1028880529974e-18,0
4.509567616366441e-20,0
3.0095748621376247e-09,0
1.388038633993959e-23,0
2.8795948059495315e-26,0
0.0007649628268324125,0
0.0011766878557728359,0
3.896354283136054e-17,0
1.9320917196137013e-22,0
7.350054530243581e-16,0
8.790271605527339e-14,0
7.392770778526553e-22,0
5.313773324622863e-22,0
7.740068355681892e-16,0
3.2381415836797834e-23,0
4.596603642035257e-06,0
2.660034349883344e-25,0
3.2607730433201964e-19,0
6.543285686625937e-13,0
6.477089652232217e-21,0
9.520787206546762e-13,0
5.2293664296057276e-11,0
7.303910842297825e-23,0
1.1576257728350702e-16,0
6.617311243431426e-23,0
2.4046606254095107e-22,0
1.554254502312282e-10,0
2.141775515855773e-16,0
5.737323259357945e-20,0
1.6680267441096401e-09,0
1.2896526346597645e-11,0
4.627208974387518e-20,0
1.4714254535360613e-12,0
1.0388822352607297e-14,0
9.039529369306834e-20,0
9.919183843752765e-15,0
1.6434598319819732e-11,0
0.0019397271575528634,0
3.619204848587486e-09,0
2.5165022302021656e-24,0
3.4179606395731974e-17,0
1.2726141695077705e-11,0
6.9451368804616e-12,0
2.0729508291839782e-17,0
2.5376954110045735e-19,0
1.028672147442201e-13,0
6.473686539812949e-06,0
1.316505198439253e-18,0
5.807925597616454e-11,0
1.1575112468766722e-20,0
2.299072514144676e-13,0
1.0632839330657502e-15,0
3.347977524929555e-17,0
1.1379203883441301e-18,0
0.36999465702884043,0
1.3684817863402184e-20,0
4.948976610724629e-22,0
1.5675107929721614e-18,0
6.672653805298588e-09,0
6.984376415002337e-13,0
6.082478622278979e-17,0
2.1574583158843396e-22,0
4.7455549624309734e-14,0
8.393496170219295e-15,0
2.509271904225118e-23,0
5.215444352844611e-22,0
5.039630019180058e-25,0
3.237092635905845e-19,0
1.1048174833473197e-20,0
1.878262687140066e-17,0
1.146210493170623e-12,0
8.66203305332309e-12,0
2.6758102008179176e-19,0
3.9146680389444524e-17,0
3.297046295263434e-20,0
2.768468328017303e-22,0
0.011520886674026638,0
2.236570337504013e-21,0
1.5393253873123903e-23,0
0.00033649831284269296,0
1.3724244524259334e-15,0
2.089766570609134e-22,0
3.0536286835658116e-23,0
5.695643204970229e-13,0
4.377679843291535e-21,0
2.8397014670671003e-13,0
0.027802849258048976,0
4.49070010344963e-17,0
1.1911016084539875e-09,0
8.07637248276619e-15,0
2.443696902675695e-11,0
6.958534892728855e-16,0
0.0006644927059412558,0
6.705144437924812e-06,0
7.525618397252044e-06,0
1.6328239550883213e-23,0
3.4358728863637284e-16,0
5.7138992055866365e-18,0
1.4364734054572661e-08,0
2.9916990234672263e-07,0
3.3111604036998352e-18,0
6.326640498525372e-17,0
2.0306012698714752e-23,0
3.5380604907102795e-25,0
1.479651059459186e-21,0
9.050378630130323e-14,0
2.3432758498524353e-21,0
7.010876767519208e-23,0
1.806534445472526e-10,0
2.9702092567828816e-10,0
2.7067745020316434e-21,0
1.6667879942067528e-15,0
1.1087453525228954e-16,0
1.944803839436123e-18,0
1.0870639007695615e-16,0
3.9026616722016184e-20,0
3.490528980530035e-22,0
1.4697385120620396e-23,0
6.573643982484999e-18,0
1.6440853707267604e-12,0
5.658505367145655e-21,0
3.841893411401214e-25,0
8.062471452242313e-14,0
1.2393314716904662e-16,0
2.8197443393240526e-07,0
3.234344456359519e-19,0
9.989616419393652e-17,0
5.0533287013764734e-11,0
3.9446512093480006e-18,0
1.8910992866758532e-20,0
6.943825495441177e-22,0
4.506778135058967e-18,0
5.4166510572252495e-21,0
3.1004849416658146e-21,0
3.0761806176200318e-25,0
1.1880117863343288e-12,0
4.643375936717489e-17,0
3.4611514253039105e-09,0
7.628981930131037e-23,0
7.983426001291876e-23,0
5.469977549242278e-26,0
3.883635715016795e-09,0
4.1747150260963594e-14,0
1.545664200648442e-14,0
5.416392516751185e-15,0
8.916426180434635e-21,0
1.5642542827208644e-13,0
1.1422074249931303e-10,0
2.2764449906756367e-15,0
8.104695876199152e-14,0
3.9114939030842764e-18,0
3.0692327008839676e-14,0
1.304267399788747e-10,0
4.157556112586796e-15,0
1.1008193883663064e-27,0
7.07015841610389e-21,0
0.061457164106493094,0
7.418745092614643e-11,0
1.5998426235922716e-20,0
2.473280695057472e-09,0
0.00012616367219005193,0
6.093271924643667e-19,0
1.3457508590220169e-08,0
2.2831147959615053e-20,0
8.967170023288358e-13,0
2.799573403010951e-08,0
1.760667551649324e-12,0
2.7628992017602017e-22,0
3.323294284855459e-21,0
2.7610881911469895e-13,0
1.5567585831851893e-14,0
3.171718693477043e-18,0
4.0908387803559406e-18,0
2.1880073143593645e-20,0
2.4310548902921505e-15,0
1.0103485259585744e-22,0
4.44527621763103e-10,0
4.0109041768995436e-25,0
5.0298273175320465e-18,0
9.238727257080909e-12,0
7.835157495742892e-16,0
2.4680542620408136e-24,0
6.554339830028687e-13,0
1.5953410111507388e-14,0
4.418075109544317e-18,0
4.661892918250986e-23,0
4.688316241070487e-08,0
8.294511780360227e-11,0
1.0283327226156707e-20,0
1.4763752015722477e-20,0
2.495792541423207e-21,0
5.753444265170167e-07,0
2.2122447433284166e-11,0
1.0114019199822956e-17,0
2.7657483078756754e-17,0
3.017027985066214e-22,0
2.0610965836986136e-11,0
2.0330911857610988e-12,0
3.7476852338583266e-20,0
5.613707229173222e-19,0
1.4007433583915747e-21,0
6.549818978298693e-15,0
1.8100004379657592e-09,0
1.9260032412304012e-18,0
3.9088097025757535e-14,0
2.6424332487406778e-17,0
5.1580380373418116e-12,0
1.1194232631640757e-14,0
2.1617791136832042e-24,0
1.0201090006959215e-16,0
2.9069912618290667e-09,0
1.6215245355037986e-27,0
1.2549169372847281e-19,0
2.8653211549679004e-13,0
3.844982988743464e-15,0
1.0191301604044378e-17,0
3.4205118148661256e-14,0
5.3513191969040045e-12,0
6.851381860602666e-28,0
5.909958540168692e-17,0
2.1676148445609295e-17,0
9.118920184080453e-15,0
1.0710400809665338e-20,0
1.29275569846738e-09,0
8.72206447331024e-19,0
4.058343581857247e-17,0
4.545416432657242e-21,0
3.455664033182449e-18,0
1.7938818483473323e-19,0
1.6235939755302492e-25,0
9.534983330060312e-19,0
2.43210138601034e-19,0
6.965176512567365e-14,0
1.5141636531685448e-14,0
9.121942640963825e-22,0
2.0481684361641302e-22,0
3.4612916166099842e-18,0
2.0806262849885094e-08,0
9.263097412910097e-12,0
2.636772186874125e-22,0
1.3146352937082012e-22,0
7.39069346097434e-21,0
1.440696667517702e-26,0
1.3982026438628451e-18,0
1.2330244983853699e-14,0
4.3183738337511353e-19,0
2.888902550594884e-14,0
2.5506156747647538e-21,0
9.646891825500092e-07,0
1.0864685319042979e-16,0
5.005943646159939e-20,0
9.155342124142391e-14,0
1.8549895529770732e-11,0
1.4359009917074277e-12,0
8.989531807034418e-15,0
1.190328647281357e-24,0
5.208700395346652e-20,0
5.606013839827368e-21,0
3.025749297421743e-15,0
3.2925792158054776e-12,0
9.06907248332047e-25,0
3.1566205253910525e-22,0
1.4160257763308082e-24,0
6.996805601402835e-16,0
2.8989440206997134e-18,0
1.57475089105964e-08,0
1.0464935821933989e-13,0
2.6029890861491857e-24,0
1.4483669717703178e-17,0
1.7963424165662094e-21,0
6.9568081773095724e-15,0
6.051578048515849e-07,0
3.064277817231287e-20,0
2.5333386137064047e-21,0
3.5336892946377005e-07,0
1.0181673283926805e-11,0
6.8696088920344615e-09,0
1.2176713043893817e-15,0
1.2706312120236004e-18,0
2.360689344532499e-21,0
1.8414025300141118e-15,0
8.076487299969707e-20,0
1.7600099197622354e-10,0
9.060612330651987e-05,0
1.921079444987951e-05,0
8.20108156944321e-13,0
6.597293059324179e-11,0
5.0773849321758804e-23,0
3.01337463412815e-20,0
1.9713258822661195e-23,0
6.664877607647378e-09,0
9.845200532121509e-05,0
1.2730480018309554e-18,0
3.588205106093629e-21,0
1.0635056482526663e-14,0
1.0263727335515056e-22,0
3.6403944507054413e-11,0
1.56677254662958e-14,0
2.9756914245606385e-22,0
1.4630689292155083e-13,0
5.0363694069712636e-17,0
6.702515398625312e-23,0
1.9867488345244055e-11,0
4.462762231140683e-22,0
4.537131733172735e-12,0
6.159267069033688e-16,0
7.945960721737178e-22,0
9.634244425058185e-25,0
4.861972300347504e-15,0
1.0240407434592997e-13,0
7.625167265344621e-16,0
5.230934082504167e-15,0
5.507462972045933e-14,0
3.548950390379304e-18,0
1.8701868974569283e-10,0
5.566875931047178e-13,0
4.445325219344024e-27,0
1.031193311295184e-20,0
5.291134550337354e-11,0
3.469982265336038e-23,0
1.8601550050123622e-27,0
4.398117914360042e-10,0
2.4612045356031653e-06,0
4.692385851250683e-20,0
7.58295134032009e-24,0
1.5545480573020074e-25,0
3.3785338276494584e-17,0
4.111857616210278e-18,0
7.200364985896438e-21,0
4.333750194794356e-23,0
1.9453791697650589e-22,0
1.4390344365409587e-07,0
2.3786698409516035e-24,0
5.890338687342162e-20,0
1.4558281979244694e-12,0
1.5549644117686756e-13,0
1.3893525668297523e-18,0
1.119981310913666e-17,0
7.14010932788103e-22,0
9.472250754710322e-14,0
2.0609951614217242e-19,0
7.803598693801443e-16,0
4.199274621377212e-23,0
2.0177372676958992e-19,0
2.419375724082369e-23,0
3.43940315634338e-08,0
5.541191772535447e-21,0
1.205228252729132e-14,0
3.974144806376546e-18,0
1.271809282729198e-17,0
1.858786147496455e-16,0
8.693188484871084e-21,0
1.7097584508275204e-12,0
2.3385323923319775e-15,0
3.401749166648629e-11,0
2.169411570499722e-19,0
4.192126257381499e-19,0
9.318479714323302e-18,0
1.5639788388371586e-18,0
6.98937262285151e-26,0
3.0133458055908926e-16,0
1.2949221171388494e-12,0
2.6982986900634655e-19,0
8.629000845662094e-16,0
5.0880296923055085e-08,0
4.207490961230317e-22,0
1.2903248398331762e-17,0
9.848846945107231e-17,0
3.738596457970787e-18,0
8.272259829856012e-09,0
7.2378257631860474e-12,0
8.274358471365279e-18,0
4.46576784953295e-21,0
7.077955002481223e-18,0
1.3598458647198657e-25,0
3.973375124560524e-09,0
6.518719142693575e-18,0
2.6846088622611912e-17,0
2.2359543699626266e-18,0
1.867138134222069e-15,0
9.073443332080154e-16,0
1.7972143632032854e-08,0
1.7013634376382231e-18,0
1.7467407266386057e-21,0
1.4824110643676676e-17,0
9.868167269704265e-19,0
3.961989282295388e-13,0
9.085547272491756e-17,0
3.151471590774535e-12,0
3.1764381125633846e-09,0
1.9117789376471392e-07,0
1.2328059414233895e-12,0
1.7957104594184794e-09,0
1.556982745897551e-13,0
8.217192549233576e-16,0
3.1844885694742883e-21,0
2.980940812304743e-19,0
5.571405701435947e-17,0
5.227213773167405e-19,0
1.429965572785189e-16,0
4.8606153297159206e-20,0
1.442981437025887e-17,0
1.0217660102407502e-25,0
4.231745184479017e-11,0
2.2714559453374716e-22,0
7.000432704757313e-20,0
4.571262888653452e-08,0
6.160595435801349e-15,0
3.727486601405301e-18,0
3.14919204333318e-15,0
2.4557337218499023e-23,0
2.2416207674574795e-16,0
7.511552621009791e-21,0
2.8331237830167077e-18,0
9.182516134940014e-19,0
6.123314696067975e-14,0
6.478880510205025e-19,0
5.513357850930735e-20,0
4.38465772624405e-12,0
4.848298523923819e-10,0
8.522104314771923e-14,0
4.117856074129971e-18,0
4.0267607393661384e-19,0
9.114579777139994e-17,0
1.3467958100892548e-08,0
1.2185639331084503e-13,0
1.5244176788485957e-18,0
2.4114480272554745e-21,0
1.261547244074623e-17,0
1.1391558042105545e-11,0
2.2567826928313547e-21,0
2.0113774220909705e-19,0
0.00740530542375081,0
3.455445498801246e-20,0
2.913428821995399e-22,0
2.328008114390355e-06,0
1.330074711307553e-12,0
4.6422459869512484e-14,0
2.47784608019534e-23,0
1.3347649391494665e-06,0
5.2073883829358105e-17,0
1.3111537534056295e-21,0
1.460265954611955e-06,0
1.646865743267883e-14,0
9.144164054215923e-17,0
1.5980497562131373e-14,0
1.2339718599729098e-20,0
6.356648002147302e-11,0
3.5709220378446895e-17,0
5.6752235779492764e-21,0
2.9632615750805854e-15,0
1.3437861811226404e-10,0
6.114501754240061e-12,0
5.776063551887034e-05,0
3.868050477196225e-15,0
2.4999270849008383e-13,0
5.3214749779426646e-17,0
5.639333165750184e-17,0
1.0073915536997582e-21,0
5.661429282228037e-22,0
4.0895780959981254e-14,0
4.371181988427763e-17,0
8.64977131115553e-14,0
4.499895031897813e-16,0
9.70385943907786e-19,0
2.4209306045913936e-14,0
9.879694538297713e-13,0
1.5954490644246697e-14,0
3.466837605516935e-18,0
1.1372742451688801e-19,0
4.454257822553649e-18,0
1.1023385296581322e-13,0
1.5906923457514619e-19,0
1.2315160620719959e-18,0
1.5794964180942144e-14,0
1.0968263566704956e-05,0
1.174395337081637e-21,0
4.853448914068521e-14,0
4.154977898905452e-10,0
3.61243711693774e-18,0
1.7584120977122454e-05,0
2.623041065331268e-18,0
1.1060717871111792e-17,0
1.9279647355282315e-24,0
8.094125027444509e-16,0
1.1553587986907735e-13,0
6.713794915019628e-16,0
2.6856718990842744e-19,0
2.3752953420813567e-12,0
3.8993588363972267e-13,0
4.129131413991521e-21,0
2.505393568238711e-06,0
1.465616871762229e-11,0
3.4437551201533654e-20,0
2.964229080478528e-20,0
9.737848371105288e-22,0
1.8409232978082487e-15,0
1.012344466452511e-09,0
3.9324714112399865e-16,0
1.7026970572996483e-23,0
3.879800980797943e-17,0
0.005931076886566792,0
0.5388421554442144,1
1.2484131809513036e-19,0
2.3843228710015427e-17,0
9.069145752536062e-13,0
1.3122457562915524e-14,0
1.0486789875466529e-14,0
6.620483613323531e-12,0
5.8540872138431774e-15,0
1.8228428548351037e-14,0
1.118636842523427e-12,0
3.417354729642861e-09,0
4.4081211759200743e-16,0
2.4361251105166884e-20,0
4.781092273123376e-25,0
2.8351218825137837e-20,0
1.6437160284638074e-20,0
3.5666254633689847e-20,0
6.224303509471612e-17,0
5.322737091710728e-16,0
2.283410953500687e-15,0
2.387815477199583e-14,0
7.118419450364605e-19,0
9.542706623005171e-05,0
3.6276907236290384e-23,0
1.2586108961727411e-14,0
1.3593907828801656e-22,0
1.2321854934841944e-17,0
2.330370001018205e-16,0
5.312019419535868e-22,0
1.8934271742630683e-14,0
2.9803129790921526e-13,0
8.121357931136069e-17,0
1.0582412863509998e-12,0
1.4409202197920525e-20,0
1.924577383455312e-09,0
0.8144509560937728,1
1.6298511815045918e-13,0
9.205235376452264e-13,0
1.3424065601541964e-20,0
8.214824430316294e-14,0
1.2898098907660735e-17,0
0.0006259702406486829,0
4.862100528061516e-18,0
8.601436083145149e-19,0
2.553482193064961e-19,0
2.279118530082144e-09,0
8.825688175426321e-13,0
1.4280200225103588e-16,0
1.7524872811206685e-08,0
1.2280000209448724e-19,0
5.299221799195282e-16,0
1.5508220296416134e-22,0
2.1217611791301763e-18,0
1.881558024997967e-17,0
4.394802913902626e-19,0
4.093546585391838e-18,0
8.053139402403885e-19,0
3.464480822034635e-12,0
0.000569617013891488,0
5.486156259676804e-09,0
2.108249545091674e-27,0
2.9035870139354507e-07,0
6.5881481087653435e-09,0
9.33097493268026e-19,0
3.6373911880624485e-20,0
1.2780873166597696e-20,0
1.929209771820143e-07,0
4.9844068758367565e-17,0
1.4938230195598972e-24,0
7.653282908517798e-23,0
2.364920168332087e-21,0
8.741642159853758e-17,0
1.0885100691167176e-16,0
2.7938098972772672e-08,0
6.97330500901587e-23,0
4.1064775065836073e-10,0
1.824559291288056e-18,0
0.016129122724404418,0
3.7208847976096477e-22,0
5.132142187178704e-09,0
1.6102123746289918e-16,0
4.7616965828185794e-21,0
8.180712200118808e-16,0
5.921918887422112e-12,0
1.4109247086071952e-21,0
7.841123702185004e-10,0
1.8771498802556513e-13,0
1.4403305336488374e-09,0
1.7628808892474837e-15,0
1.135845287953218e-16,0
1.1228231050957961e-20,0
1.1373819928066638e-07,0
1.2800823904389404e-08,0
3.770015329591498e-10,0
3.2638230573191995e-23,0
2.3712592009457097e-08,0
1.0296687707136953e-09,0
3.0149981518159923e-18,0
4.957061313980057e-16,0
9.245439672037089e-17,0
1.8764021161103099e-22,0
1.441825456570782e-11,0
1.5153001061401695e-22,0
9.903436102462363e-27,0
1.2905732340807757e-08,0
1.2467555226403425e-11,0
3.0535105419364546e-19,0
5.670293354955362e-17,0
2.1798471609933512e-17,0
1.0637094806692647e-19,0
2.5734047998233703e-11,0
1.1229246351259084e-20,0
1.6361826957109743e-19,0
9.478469559429888e-18,0
7.255369560936325e-20,0
0.010688620550174626,0
1.1213347703571885e-13,0
4.571338850231505e-16,0
1.1181476229538878e-15,0
1.9879040879526632e-14,0
1.4864970545434316e-08,0
7.035666943211188e-14,0
1.2212959717515124e-22,0
1.3569674963948875e-25,0
4.629954283309595e-09,0
1.558814323515778e-22,0
1.8644184225726986e-10,0
1.641292665124262e-25,0
7.194342022207981e-18,0
1.8427215298331646e-17,0
1.0872185919783537e-15,0
1.4825687967595085e-17,0
1.3944185509733437e-18,0
3.28990823865379e-22,0
1.3287813187568364e-13,0
2.3742985896022164e-16,0
4.055529598815883e-15,0
3.1661135964694574e-26,0
7.414586099759195e-17,0
1.8314655475637017e-26,0
3.241439956651132e-07,0
1.2754686262073898e-21,0
5.999022301522758e-21,0
1.1084171134352558e-20,0
1.170765903849717e-19,0
3.413311849304151e-16,0
2.925100008021255e-21,0
1.0656602675658876e-15,0
1.2100347227172068e-11,0
2.0552950979495166e-27,0
4.768524478038764e-05,0
3.7802716721975437e-16,0
1.0472598175101262e-16,0
1.5155160889660664e-13,0
1.6121012054589827e-21,0
3.3881279634683665e-10,0
0.012771485116324565,0
6.843855383890169e-16,0
1.514603092174425e-17,0
2.7174300719717533e-25,0
1.5952353375121732e-21,0
1.7388305087406838e-25,0
1.093053626072173e-05,0
3.8045687037138067e-25,0
3.3952629505730034e-16,0
8.756301604679891e-09,0
7.318292708726307e-17,0
2.7659173817114253e-22,0
1.8155135572134394e-20,0
2.8971415930970993e-21,0
3.0691452390215117e-09,0
5.569713066899309e-17,0
1.843632251278482e-09,0
7.598895432525065e-15,0
1.0496679524744204e-14,0
3.3617418196529097e-18,0
2.113792961905975e-19,0
2.5865832383186434e-11,0
1.1478997653799294e-16,0
1.0877287477630416e-12,0
2.7457952101012128e-17,0
1.423929588680856e-16,0
1.3089836167154123e-20,0
3.841428555850331e-24,0
1.6245662059070903e-16,0
7.686404327470676e-16,0
2.0596656107250246e-13,0
2.200573008381485e-17,0
7.89834459835237e-15,0
1.984840234920523e-20,0
1.5880753702955836e-21,0
8.608025800340256e-10,0
2.579965545694157e-13,0
4.123009412901601e-11,0
1.2289456851290917e-22,0
0.9999996097264392,1
6.35230250794915e-18,0
3.123415719964477e-25,0
1.3353573309762905e-15,0
2.1465425330643202e-08,0
1.0927750591596707e-23,0
9.013557010828014e-10,0
1.5442427405377514e-23,0
1.285627752878393e-09,0
6.220815877042175e-14,0
1.010156960352011e-18,0
2.3093763756406742e-23,0
1.0691892827860817e-19,0
8.908528060654514e-12,0
9.767299320442328e-12,0
2.140089480381303e-22,0
2.800307531413363e-17,0
1.216477421208653e-20,0
1.1419376828529929e-24,0
3.454267473890969e-15,0
1.8737852695849038e-20,0
5.13693838016137e-21,0
1.7026958084311894e-17,0
1.31529011674893e-19,0
3.3467642281258057e-06,0
3.818850981121278e-13,0
1.1791181194668407e-17,0
0.0002940290948444178,0
2.946433279714093e-13,0
7.960749717644093e-22,0
3.392384663734564e-16,0
4.90561343360579e-20,0
4.0246249353520725e-18,0
3.872711652120982e-21,0
2.4749197025701394e-08,0
2.415777517662528e-22,0
2.841012774002594e-12,0
4.693929644152226e-14,0
1.429588032321244e-17,0
4.0720486721875395e-15,0
1.955734507857489e-11,0
3.6314765063542844e-22,0
5.5428941070112684e-15,0
6.867609475085485e-10,0
7.700806983420425e-21,0
4.2472494892111405e-15,0
1.3234729756976809e-20,0
2.8755703060159354e-13,0
5.925884586630331e-13,0
7.663561721689683e-10,0
6.947169840982e-16,0
3.1628551309084027e-07,0
3.3295333685918484e-08,0
7.602904371866201e-22,0
8.734402966381549e-08,0
3.8620404705426687e-16,0
3.877245941233232e-17,0
4.427402723376669e-08,0
4.3242865315848973e-20,0
1.1628823326981747e-17,0
1.0327339761186977e-18,0
2.0228121916008556e-21,0
4.706223121942022e-12,0
4.2334703691000937e-14,0
2.1497954517172505e-22,0
3.976381955245991e-10,0
6.198866001742229e-17,0
9.669347918674297e-11,0
4.208943686294804e-13,0
1.6708644437586172e-22,0
7.50764169178362e-15,0
6.308095956737213e-20,0
8.040047145723433e-15,0
2.4689629399199666e-20,0
1.35437947751696e-19,0
3.145751715375243e-19,0
1.0368777939086982e-22,0
2.5998417646716585e-26,0
3.763091680363987e-15,0
2.4329578487305882e-24,0
7.736133634345444e-09,0
7.770964343767919e-19,0
2.3284127688849526e-09,0
6.509232479471585e-19,0
1.8229463494958128e-20,0
1.0829363603462025e-21,0
8.65075997425524e-17,0
1.1209644872549294e-11,0
1.2549185676833873e-19,0
5.1490800230024725e-21,0
1.1759616518710787e-23,0
1.1467167649137795e-20,0
8.947121780862786e-21,0
4.422496506214147e-24,0
2.164756652641886e-06,0
3.5729059703636364e-16,0
8.590625322478841e-14,0
1.1331092698740735e-18,0
2.0028812356195187e-17,0
3.796901782496872e-17,0
3.3945223952118076e-23,0
2.890448925213583e-17,0
1.4386654389185683e-13,0
7.060369385059345e-17,0
3.2456699119502417e-08,0
3.626161940321565e-10,0
4.3799244108251885e-23,0
4.423570654368338e-18,0
6.242212454556462e-22,0
8.388963431157246e-13,0
1.0396086594668819e-21,0
2.0263702039843413e-05,0
7.011287769347931e-21,0
1.2773788384621947e-17,0
9.77928192675237e-19,0
2.9468182206978176e-20,0
0.9958369287287266,1
9.593681053907832e-14,0
1.7216138355329085e-08,0
3.844490266842781e-18,0
6.972034879724599e-11,0
5.923053746836632e-16,0
5.110158061971559e-19,0
5.689084074048684e-17,0
1.2772758976518812e-15,0
2.1091882231840495e-21,0
3.01501974521207e-15,0
3.1172916343111375e-10,0
2.0038475528978344e-15,0
3.4877077804808504e-11,0
1.1327096030343666e-21,0
8.603369888651296e-16,0
1.0973932982417217e-13,0
6.315632910552616e-17,0
1.885679430980329e-19,0
8.742487268696905e-15,0
2.73215393543297e-15,0
6.208123289736616e-15,0
5.0349908543639615e-23,0
1.2093179041481497e-08,0
1.7016179556912225e-19,0
3.2469211272858706e-17,0
2.2822554410943073e-10,0
1.3826992273962638e-16,0
2.034986040073944e-09,0
4.782922870270126e-25,0
3.1077912631501755e-19,0
2.1849032408257048e-05,0
6.351962569540411e-15,0
2.1412588159843943e-14,0
3.48804744519211e-17,0
4.2216458907315345e-12,0
2.314040541075498e-16,0
1.232504579291985e-14,0
4.7275332266521664e-14,0
1.0330284286867357e-17,0
8.478187996779286e-17,0
9.767532031144247e-24,0
8.106107430376065e-19,0
3.1224706462362176e-18,0
9.9363206060951e-19,0
5.609630915722327e-12,0
2.2550650960817352e-17,0
2.3066555332211593e-17,0
5.412359295183635e-25,0
2.2184685561254975e-23,0
6.820018398692398e-21,0
2.918369537599182e-22,0
7.539698391375927e-18,0
2.953498839009736e-18,0
3.422404676544933e-16,0
4.46119216661222e-07,0
7.297685216497073e-16,0
2.906338297827346e-15,0
9.154764546775777e-19,0
1.1952276373357128e-12,0
1.9079162338489655e-16,0
2.3041194853207116e-13,0
1.754807402472706e-17,0
2.6505923613692162e-17,0
7.078222362990821e-17,0
1.806840985771889e-19,0
5.472643371754935e-17,0
0.0011425271957078546,0
1.6321234542674802e-13,0
6.596917185119413e-22,0
2.787875153847723e-22,0
2.018996094233416e-14,0
3.303062011142169e-19,0
2.4112414280831493e-14,0
4.111235676534202e-18,0
2.9089591273670364e-17,0
2.402558782668802e-05,0
1.8358528964354813e-21,0
3.8291304443792994e-14,0
9.36092139839277e-16,0
2.502889253762308e-19,0
4.7398692244584944e-20,0
2.1173179102889758e-07,0
1.6218804986751155e-13,0
2.3456057236651767e-14,0
2.1215668620372163e-16,0
3.5350458485837935e-19,0
6.0525411161839624e-21,0
3.834450136924927e-23,0
3.7081268538302955e-19,0
2.1029950772856609e-16,0
4.832646683864874e-19,0
1.2950469165764284e-17,0
4.1596299701346e-14,0
4.911542944912833e-20,0
6.62876494749594e-16,0
7.0694606347649e-07,0
4.148050472436664e-12,0
2.5315237308645344e-16,0
8.361566511981689e-19,0
4.6678885173695374e-17,0
7.309340377056761e-17,0
2.8891818753408864e-13,0
5.432661228570549e-19,0
0.0007625049025384815,0
8.081354217450381e-20,0
5.0162667814936066e-18,0
5.539082595644216e-21,0
6.954525802679224e-20,0
2.826103197436726e-12,0
2.3173509643115138e-10,0
2.960766974354967e-25,0
1.584682701503522e-09,0
6.533087217342642e-22,0
1.0061087211141418e-22,0
2.8847816547236895e-09,0
6.548474174934858e-15,0
2.9175607473657687e-13,0
3.6229618653777345e-11,0
7.307935253054275e-22,0
3.114814475717036e-05,0
1.354479515720127e-07,0
1.9825822647542563e-19,0
6.386280506921716e-17,0
4.3192908341109025e-11,0
1.5764981053388968e-21,0
6.1913913622816e-25,0
1.4019408254135695e-18,0
1.890551330228223e-18,0
7.837608608644285e-17,0
1.1008952588846191e-14,0
9.929337336770082e-24,0
8.363678507368051e-17,0
7.64576268345544e-18,0
7.680221064282559e-14,0
3.044324072673176e-17,0
1.3111576861075631e-12,0
3.601396355598563e-13,0
2.9525260421773198e-09,0
8.659916282151115e-12,0
3.777585252802171e-23,0
9.590165645646426e-10,0
8.715640356303858e-23,0
1.7863459293684186e-21,0
8.222490973272883e-20,0
3.5004701053963153e-15,0
3.553242305837443e-20,0
3.0515365195450334e-11,0
2.4457057733632525e-17,0
1.3631495634484565e-17,0
1.8198278585563262e-19,0
5.145546036570198e-12,0
4.546935954934049e-11,0
8.024601482617468e-10,0
1.163529578517332e-22,0
5.931875467334986e-09,0
3.911504313005723e-13,0
1.2576650398749335e-17,0
7.466819249890599e-18,0
5.904946274212639e-23,0
1.1728972415377484e-18,0
1.9640757258868673e-20,0
7.004090587479253e-14,0
1.079723411199345e-12,0
1.2428096313128348e-13,0
1.0050999893399528e-12,0
4.24495038961619e-15,0
9.978602454140257e-19,0
4.979587339291118e-17,0
4.998380170592978e-17,0
4.41935080844415e-11,0
4.031466827180198e-27,0
1.9477738641465766e-17,0
2.205099338977781e-13,0
1.1915261428889283e-20,0
1.548075344218148e-07,0
6.027334722923052e-16,0
4.152770580825896e-16,0
0.006794841134219589,0
0.9989944033529902,1
1.5943193439643548e-16,0
5.776452146630329e-18,0
2.9573003311196414e-16,0
3.202980243651192e-20,0
3.4544733779456336e-14,0
1.1735719073139977e-11,0
2.346390382674007e-18,0
3.860307733132695e-13,0
2.8620597341998472e-15,0
9.56266395158638e-16,0
4.1572220536833476e-22,0
1.827271783682828e-18,0
1.8177649075384042e-12,0
3.0280857187215633e-10,0
6.48548059017334e-17,0
1.2437436731872976e-19,0
8.939237649740478e-19,0
9.880909207733646e-20,0
6.280016279436281e-11,0
1.8454024912054103e-22,0
4.529060884150618e-17,0
2.3034632608764544e-09,0
2.709312105143985e-09,0
1.1427984586563148e-10,0
4.3981272378404944e-26,0
1.3918713433625745e-18,0
1.0553219932962298e-19,0
3.554564022998639e-15,0
1.087415882461695e-18,0
1.0243808456688288e-23,0
6.906398086809486e-15,0
1.0129183315779433e-20,0
1.6147882851408762e-16,0
3.7295273774670215e-07,0
2.908223465693856e-14,0
3.0834416174756466e-21,0
1.4247273323106943e-16,0
3.72069458064025e-08,0
1.1076876476527958e-17,0
7.233161303562322e-22,0
5.686826728393518e-12,0
2.4497316742695437e-13,0
2.1087388401744574e-16,0
9.682582445646722e-07,0
1.846375472883582e-07,0
5.593082222690385e-10,0
9.139385221353163e-09,0
1.3349200524142063e-12,0
2.7302977105971535e-12,0
7.368884610823418e-21,0
3.85912280275751e-12,0
1.2298515906258186e-19,0
4.507487217505308e-18,0
2.0693367876633807e-13,0
1.28285631694929e-17,0
1.6670846086924015e-22,0
1.3336262794554577e-22,0
8.662401492722127e-11,0
4.63063037055744e-18,0
2.043074869498989e-17,0
7.390411560939944e-17,0
7.280008175810434e-21,0
6.323902758490253e-13,0
4.083487401351374e-20,0
4.363419676217969e-16,0
8.381411259564071e-25,0
5.59492476312259e-19,0
2.8791460124004e-15,0
1.8550376857000872e-23,0
7.78993285178446e-14,0
2.7651440434912126e-12,0
1.6846865800264772e-14,0
6.589721126215122e-18,0
2.3132231677570367e-18,0
2.6954689659646342e-24,0
1.4247284830569604e-21,0
6.0637463971443454e-15,0
3.9877735041259513e-10,0
3.3712251680235066e-13,0
2.3692278722858422e-05,0
1.6520184643892657e-06,0
6.88298183645558e-13,0
1.7889345562590624e-11,0
0.012521626579040875,0
8.503651220894336e-23,0
6.544425732587893e-12,0
4.1371470008622586e-11,0
2.048563758992601e-20,0
4.336908774460408e-22,0
3.88740411384361e-08,0
1.7693679150460188e-16,0
1.140091310045463e-20,0
1.1823312704841156e-10,0
8.885859078926689e-14,0
3.239085627672605e-15,0
1.0015895785562235e-18,0
8.804888352280544e-15,0
5.87171396054786e-19,0
1.0684995134923269e-15,0
5.5251492789017095e-22,0
3.7984281428091415e-19,0
3.866108935540738e-19,0
4.2954609632532014e-17,0
1.2685313969611695e-14,0
0.88148830546977,1
1.8247994385929808e-25,0
9.267745375784756e-12,0
5.916921767662498e-12,0
1.3845214400457059e-24,0
3.787237865089854e-21,0
2.1529908876042033e-24,0
0.9995436635228082,1
1.248361786121596e-16,0
1.3274552666766333e-19,0
1.375142550873955e-14,0
5.490645871371826e-17,0
3.0114048833208785e-17,0
8.854477163359263e-21,0
4.354886801696345e-18,0
1.645887176131434e-16,0
1.5247399800006547e-16,0
3.2536078983460793e-22,0
6.146182127023978e-17,0
2.7428613285328855e-07,0
5.076316314492346e-16,0
1.432266155599625e-15,0
1.0004376262449854e-13,0
4.632095474476998e-10,0
5.799255836826948e-13,0
9.334992913954972e-14,0
2.9514631022406246e-18,0
4.142139789660583e-07,0
9.059465299952575e-15,0
3.933998711376402e-12,0
4.1872347576385255e-12,0
3.835885951551677e-21,0
6.818278501107703e-23,0
